整合編號,食品分類,樣品名稱,熱量-成分值(kcal),水分-成分值(g),粗蛋白-成分值(g),粗脂肪-成分值(g),總碳水化合物-成分值(g),膳食纖維-成分值(g)
A00101,穀物類,大麥,367,11.6,9.3,3,74.2,15.3
A00102,穀物類,大麥片,365,12.1,8.6,1.8,76.7,6
A00201,穀物類,小米,370,12.3,11.3,3.7,71.7,2.2
A00301,穀物類,糯小米,360,12.9,12.5,1.5,72.5,1.4
A00401,穀物類,小麥,362,12.6,14.1,2.6,69.2,11.3
A00501,穀物類,小麥胚芽,417,4.2,31.4,11.6,47.9,10
A00601,穀物類,水餃皮,262,33,7.8,0.5,57,1.5
A00602,穀物類,春捲皮,239,38.9,8.3,0.7,50.4,2
A00603,穀物類,餛飩皮,269,31.4,8.3,0.5,58.2,1.5
A00701,穀物類,去筋麵粉,355,13.6,0.2,0.1,85.7,0.4
A00801,穀物類,低筋麵粉,364,12,8.1,1.2,78.2,2
A00901,穀物類,中筋麵粉,361,12.6,11.5,1.3,74.1,1.8
A01001,穀物類,高筋麵粉,362,12.3,12.9,1.2,73.1,1.9
A01101,穀物類,全麥麵粉,359,12.7,13,1.7,71.4,8
A01201,穀物類,雜糧中筋麵粉,359,11.7,13.1,2.3,72,5.7
A01301,穀物類,雜糧高筋麵粉,358,12.4,14.3,2.8,69.6,5.3
A01401,穀物類,乾麵條,354,10.8,11.5,1.4,74.6,1.9
A01402,穀物類,油麵條,359,9,11.4,1.2,76.3,1.1
A01403,穀物類,紅蘿蔔麵,350,12,12.1,1,73.8,2.5
A01404,穀物類,通心麵,356,11.5,13.8,1.4,72.6,1.8
A01405,穀物類,菠菜條,353,11.5,11.8,1.2,74.4,2.5
A01406,穀物類,鍋燒意麵,475,5.8,10,22.8,58.5,3
A01407,穀物類,雞蛋麵,355,10.4,12.5,0.9,74.8,2.8
A01501,穀物類,刀削麵,265,33.5,8.4,0.9,56.2,1
A01502,穀物類,拉麵,290,26.6,9.1,0.8,62.1,1.3
A01503,穀物類,意麵,288,26.8,10.1,1,60.1,4.5
A01601,穀物類,衛生油麵,162,61.2,5.5,1.8,31.2,0.6
A01602,穀物類,金門黃麵,157,60.1,6.4,0.5,31.9,2.3
A01603,穀物類,冷凍烏龍麵,125,68.6,3,0.4,27.7,1.1
A01604,穀物類,鍋燒麵,119,70.4,4.5,0.4,24.6,0.5
A01701,穀物類,麵筋,639,4.9,42.5,53,0,1.9
A01801,穀物類,麵腸,137,67.5,20.6,1.9,9.7,0.6
A01901,穀物類,長麵線,308,16.4,10.7,1.1,64.3,1.9
A01902,穀物類,蚵仔麵線,305,17.3,11.3,1.4,62.3,2.1
A01903,穀物類,麵線,347,12,11.7,1.5,72.4,2.5
A01904,穀物類,雞絲麵,460,6.3,9.4,22.8,55,1.2
A02001,穀物類,白玉米,66,83.8,3.4,0.6,11.4,3.7
A02101,穀物類,紫玉米,168,59.4,4.5,1,34.4,4.9
A02201,穀物類,甜玉米,107,75.7,3.3,2.5,17.8,4.7
A02301,穀物類,雙色水果玉米,105,76.2,3.1,2.6,17.5,4
A02401,穀物類,糯玉米,172,59.1,4.7,1.9,33.4,3.5
A02501,穀物類,玉米胚芽,366,11.5,7,0.9,80.3,5.7
A02601,穀物類,冷凍玉米粒,174,65.6,3.1,8.2,22.5,3.1
A02602,穀物類,乾玉米粒,373,11.9,10.9,3.9,72.2,12.8
A02701,穀物類,玉米粉,369,10.9,0.3,0.4,88.3,0.2
A02801,穀物類,玉米粒罐頭,89,78.3,2.3,1.4,16.9,3.6
A02802,穀物類,玉米醬罐頭,65,83.2,1.4,0.4,14,1.7
A029,穀物類,秈米平均值,357,13.4,7.8,0.9,77.4,0.6
A02901,穀物類,秈米(台中在來2號),355,13.9,8.2,1,76.3,0.5
A02902,穀物類,秈米(台中秈10號),358,13,7.4,0.7,78.5,0.6
A030,穀物類,粳米平均值,354,14.1,7,0.7,77.8,0.7
A03001,穀物類,粳米(台中189號),356,13.5,7.5,0.6,78.1,0.3
A03002,穀物類,粳米(台南11號),348,15.4,6.7,0.5,77.2,0.8
A03003,穀物類,粳米(台粳2號),357,13.2,7.2,0.5,78.7,0.6
A03004,穀物類,粳米(台粳71號),357,13.3,7.9,0.6,77.8,0.9
A03005,穀物類,粳米(台粳8號),355,13.5,6.9,0.4,78.8,0.5
A03006,穀物類,粳米(台粳9號),353,14.3,6.6,0.6,78.2,0.6
A03007,穀物類,粳米(高雄139號),357,13.7,6.1,1.2,78.5,1.3
A03008,穀物類,粳米(高雄142號),353,14.3,7,0.6,77.7,0.2
A03009,穀物類,粳米(高雄145號),364,11.8,6.8,1,80,1
A03010,穀物類,越光米,340,17.8,7.6,1,73.3,0.9
A03101,穀物類,加鈣米,355,13.6,7.4,0.7,77.7,0.7
A03201,穀物類,高纖米,363,12.8,8.3,2.5,75.2,2.8
A03301,穀物類,白秈糯米(台中糯70號秈米),361,12.4,7.9,0.9,78.4,0.4
A034,穀物類,白粳糯米平均值,358,13.1,8.3,0.8,77.4,0.7
A03401,穀物類,白粳糯米(台中189號粳米),359,12.8,8.4,0.5,78,0.7
A03402,穀物類,白粳糯米(台粳糯1號粳米),358,13.5,8.2,1.1,76.8,0.7
A03501,穀物類,野生紅米,360,13.7,7.7,2.6,74.7,3.4
A03601,穀物類,紅糯米,362,13.1,9.9,2.8,72.6,4.5
A03701,穀物類,黑秈糯米,357,14.8,10.1,3.5,70.1,3.3
A03801,穀物類,胚芽秈米(台中秈10號),363,12.3,8.3,2.1,76.1,2.8
A039,穀物類,胚芽粳米平均值,362,12.7,8.2,1.6,76.8,1.5
A03901,穀物類,胚芽粳米(台粳10號）,360,13.1,7.3,1.7,77.2,1.8
A03902,穀物類,胚芽粳米(台粳9號),363,12.3,9.1,1.5,76.5,1.3
A040,穀物類,發芽粳米平均值,355,14.8,7.8,2.3,74,3.3
A04001,穀物類,發芽粳米(台粳71號),357,14.8,7.4,2.8,73.9,3.3
A04002,穀物類,發芽粳米(台粳9號）,353,14.8,8.2,1.9,74.1,3.4
A04101,穀物類,糙秈米,359,14.4,7.3,3.2,73.6,3.3
A042,穀物類,糙粳米平均值,362,13.1,8.2,2.5,75.1,4
A04201,穀物類,糙粳米(台粳71號),360,13.6,9,2.6,73.6,3.5
A04202,穀物類,糙粳米(台粳9號),364,12.5,7.4,2.3,76.6,4.5
A04301,穀物類,米胚芽,391,11.4,17,12.7,52.9,14.7
A04401,穀物類,秈米粉,363,11.9,4.2,0.4,83.4,0.5
A04402,穀物類,糙米粉,393,5.9,11.3,3.2,78.1,3.2
A04403,穀物類,白糯米粉,360,12.6,4.5,0.4,82.3,0.6
A045,穀物類,米粉平均值,366,10.9,2.1,0.8,85.3,0.8
A04501,穀物類,埔里米粉,355,11.1,0.5,0.5,87.7,1.2
A04502,穀物類,細米粉,353,10.2,0.4,0.6,87.2,1
A04503,穀物類,濁水米粉,355,11.3,5.3,1.3,81.1,0.2
A04601,穀物類,米粄條,128,68.4,1.1,0.9,29.2,1.4
A04602,穀物類,米苔目,120,69.7,0.6,0.1,29.6,0.1
A04603,穀物類,粿仔條,192,53,0.5,1.2,45,0.3
A04701,穀物類,免煮飯,168,59.3,3.2,0.3,37,0.4
A04702,穀物類,白飯,183,55.6,3.1,0.3,41,0.6
A04801,穀物類,高梁,372,11.3,11,3,73.6,5.2
A04901,穀物類,糯高梁,362,12.1,10.7,1,75.7,2.5
A05001,穀物類,黑麥片,359,12.5,7.8,1.2,77.3,10.8
A05101,穀物類,燕麥,406,10,10.9,10.2,67.4,8.5
A05102,穀物類,即食燕麥片,406,9.1,11.9,9.6,67.9,10.5
A05103,穀物類,燕麥片,393,10.1,12.3,9.7,64.1,4.7
A05201,穀物類,蕎麥,361,13.2,11,2.9,71.3,3.5
A05301,穀物類,蕎麥麵(濕),155,63.1,6.3,1.5,28.6,2.6
A05302,穀物類,蕎麥麵(乾),355,12.2,12.7,1.7,70.6,4.1
A05401,穀物類,薏仁,378,11.5,14.1,6,66.2,1.8
A05501,穀物類,小薏仁,359,12.7,8.7,0.9,77.1,5.7
A05601,穀物類,紅薏仁,386,11,13.9,7.2,65.8,2.7
A05701,穀物類,糙薏仁,388,11,13.2,7.7,66.1,6
A05801,穀物類,小薏仁粉,389,5.7,7.1,1.3,85,7.2
A05802,穀物類,薏仁粉,392,4.7,10.9,3.5,80,3
A05901,穀物類,五穀米,358,14.3,8.7,2.9,72.9,4.9
B00101,澱粉類,淮山,363,11.2,5.3,0.3,82.4,5.4
B002,澱粉類,山藥平均值,87,77.9,2.9,0.1,18.2,1.3
B00201,澱粉類,山藥(二刺),89,77.4,2.7,0.1,18.9,1.6
B00202,澱粉類,山藥(大汕1號),80,79.6,2.4,0.1,17,1
B00203,澱粉類,山藥(大汕3號),73,81.3,2.6,0.1,15,1.3
B00204,澱粉類,山藥(大刺),85,78.3,3.5,0.1,17.1,1.2
B00205,澱粉類,山藥(中國長品),74,81,2.5,0.1,15.5,0.4
B00206,澱粉類,山藥(台農1號),93,76.5,2.6,0.1,19.9,1.2
B00207,澱粉類,山藥(台農2號),95,75.6,3.2,0.1,19.9,0.6
B00208,澱粉類,山藥(白皮削),75,80.8,2.5,0.1,15.7,1.4
B00209,澱粉類,山藥(尖石原生種),65,83.3,3.1,0.1,12.4,1.3
B00210,澱粉類,山藥(宜蘭原生種),140,64.8,4.8,0.2,29.1,2.3
B00211,澱粉類,山藥(花蓮3號),93,76.5,1.7,0.1,20.9,1.4
B00212,澱粉類,山藥(青森),94,76.3,2.6,0.2,19.9,2.1
B00213,澱粉類,紅薯,92,76.5,2.8,0.1,19.6,1.1
B00214,澱粉類,山藥(高田),71,81.9,3.1,0.1,14,1.1
B00301,澱粉類,木薯粉,362,12.2,0.1,0.2,87.3,0.2
B00401,澱粉類,冰心地瓜,119,70,1.3,0.1,27.5,2.9
B00402,澱粉類,菱角牛奶地瓜,133,66.9,1.9,0.3,29.9,1.6
B00501,澱粉類,芋心甘薯,122,69.4,1.1,0.1,28.5,2.8
B00601,澱粉類,紅肉甘薯,114,71.7,1.8,0.2,25.4,2.4
B00701,澱粉類,金時地瓜,138,65.7,1.6,0.4,31.3,2.2
B00801,澱粉類,黃肉甘薯,121,70,1.3,0.2,27.8,2.5
B00901,澱粉類,甘薯粉,358,12.9,1,0.2,85.5,0.5
B010,澱粉類,芋頭平均值,121,70.3,2,0.8,25.8,2.6
B01001,澱粉類,芋頭,128,68.9,2.5,1.1,26.4,2.3
B01002,澱粉類,小芋頭(山芋),113,72.5,2.3,1.2,22.8,2.9
B01003,澱粉類,檳榔心芋,121,69.5,1.3,0,28.1,2.7
B01101,澱粉類,芋頭粉,331,16.1,0.1,0,83.1,9.1
B01201,澱粉類,冷凍芋頭塊,147,65.3,2.2,4.3,24.9,5.7
B01301,澱粉類,豆薯,31,92.1,0.7,0.1,6.8,1.3
B01401,澱粉類,紅馬鈴薯(粉紅珍珠馬鈴薯),66,83,1.6,0,14.4,1.3
B015,澱粉類,黃皮馬鈴薯平均值,68,82.6,2.2,0.1,14.3,1.2
B01501,澱粉類,馬鈴薯,77,80.5,2.6,0.2,15.8,1.3
B01502,澱粉類,小馬鈴薯(珍珠馬鈴薯),59,84.6,1.7,0,12.8,1.2
B01601,澱粉類,馬鈴薯粉,346,15.8,0.1,0.1,83.8,0.2
B01701,澱粉類,荸薺,67,82.6,1.7,0.1,14.5,2.1
B01801,澱粉類,荸薺粉,365,11.2,0.4,0.2,87.8,0.5
B01901,澱粉類,蓮藕,65,83.4,2,0.2,13.5,3.3
B02001,澱粉類,熟蓮藕,50,87.3,1.1,0.1,11,1.4
B02002,澱粉類,熟蓮藕切片(水煮),73,82,0.8,0,16.9,3.4
B02101,澱粉類,蓮藕粉,365,11.3,0.1,0.1,88.3,0.3
B02201,澱粉類,西谷米,371,9.8,0.1,0.1,89.7,0.3
B02301,澱粉類,蒟蒻粉,349,9.3,0.2,0.2,87.2,7.4
C00101,堅果及種子類,杏仁片(生),564,5,27.3,47.8,17,6.5
C00201,堅果及種子類,杏仁片(熟),618,3,23.4,56.9,14.8,14.4
C00301,堅果及種子類,原味杏仁果,588,1.9,21.9,49.8,23.2,9.8
C00401,堅果及種子類,蒜味杏仁果,603,1.5,23.3,53.6,18,9.3
C00501,堅果及種子類,杏仁粉,530,5.1,9.7,36.4,47.1,4.8
C00601,堅果及種子類,松子仁,678,1.9,16.6,69.5,9.4,4.2
C00701,堅果及種子類,原味松子仁,680,1,14.5,69,13,6
C00801,堅果及種子類,蜜汁松子仁,692,1.2,14.9,62.4,19,4
C00901,堅果及種子類,原味夏威夷豆,700,1.2,7.5,71.6,18.2,6.3
C01001,堅果及種子類,鹽酥夏威夷豆,720,0.9,9.4,76.3,12,5.4
C01101,堅果及種子類,生核桃,667,3.7,15.4,67.9,11.2,6.2
C01201,堅果及種子類,甜核桃,718,1.6,14.4,67.4,14.7,6.2
C01301,堅果及種子類,栗子(生),264,34.3,4.6,1.4,57.9,10.4
C01401,堅果及種子類,糖炒栗子,210,47.6,4.2,0.8,46.3,5.7
C01501,堅果及種子類,栗子仁(生),176,55.9,3.7,0.7,38.7,8.7
C01601,堅果及種子類,無花果,365,11.4,3.6,4.3,77.8,13.3
C01701,堅果及種子類,菱角(生),75,81,1.9,0.3,16.1,1.9
C01801,堅果及種子類,菱角(熟),143,63.4,4.2,0.3,31,3
C01901,堅果及種子類,菱角仁(生),115,69.8,4.1,0.3,24.1,2.2
C02001,堅果及種子類,開心果,601,1.1,22.4,52.7,20.1,13.6
C02101,堅果及種子類,腰果(生),568,3.3,18.3,45.5,30.3,3.6
C02201,堅果及種子類,原味腰果,566,2.2,16.4,43.7,35.2,5
C02301,堅果及種子類,蜜汁腰果,595,2.2,17.6,43.6,34.3,2
C02401,堅果及種子類,原味榛果,672,1.1,13,66.5,17.2,8
C02501,堅果及種子類,玉桂西瓜子,492,5.3,31.1,34.4,23.8,16.3
C02502,堅果及種子類,醬油西瓜子,509,5.1,29.5,37.7,22.5,10.9
C02601,堅果及種子類,亞麻仁籽,524,7.6,20.8,40.3,28.1,23.1
C02701,堅果及種子類,亞麻仁籽粉,582,0.6,21.4,47.4,27.3,26.2
C02801,堅果及種子類,白芝麻(生),598,4.7,22.3,54.9,15,10.5
C02802,堅果及種子類,黑芝麻(生),551,6,22.2,48.1,17.6,15.5
C02901,堅果及種子類,白芝麻(熟),626,1.9,20.3,58.7,15.7,10.7
C02902,堅果及種子類,黑芝麻(熟),599,1.5,17.3,54.4,20.6,14
C03001,堅果及種子類,黑芝麻粉,601,2.2,15.7,55.2,20.8,12.3
C03101,堅果及種子類,帶殼花生(生鮮),331,43.7,15.3,27.2,12.2,8.1
C03102,堅果及種子類,冷凍帶殼花生(生),344,40,17.2,27.4,13.3,15.9
C03201,堅果及種子類,紅土花生(熟),546,1.8,30.9,42.2,21.1,7.7
C03202,堅果及種子類,鹽酥花生(熟),531,2.3,28.2,38.1,28.1,9
C03301,堅果及種子類,去膜花生仁(生),558,4.2,28.8,45.4,19.1,6.6
C03302,堅果及種子類,帶膜花生仁(生),516,7.5,23.6,38.1,28.4,7.9
C03401,堅果及種子類,生鮮花生仁,506,9.9,28.8,38.5,20.6,13.5
C03501,堅果及種子類,醃漬花生仁,286,58.2,10.6,26,2.9,8.5
C03502,堅果及種子類,糖漬花生仁,379,32.8,14.2,23.3,28.8,4.1
C03503,堅果及種子類,油炸花生仁,619,1.8,28.9,48.4,18,7
C03504,堅果及種子類,蛋酥花生仁,602,1.3,21.1,43.8,31.8,7.3
C03505,堅果及種子類,鹽酥花生仁,553,2.1,28.8,35.9,29.6,9.9
C03601,堅果及種子類,花生粉,537,1.4,34,39.4,21.9,33.2
C03701,堅果及種子類,芡實,343,14.1,9.9,0.1,75.4,3.1
C03801,堅果及種子類,調味南瓜子(去殼),561,2.8,30.4,47.9,13.5,8.3
C03802,堅果及種子類,調味南瓜子(帶殼),564,2.6,25.9,47.2,19.5,6.1
C03901,堅果及種子類,原味葵瓜子(去殼),586,4,22,51.9,18.7,8.3
C04001,堅果及種子類,甘草葵瓜子(帶殼),527,3.1,26.8,39.3,25.8,19.7
C04002,堅果及種子類,鹽酥葵瓜子(帶殼),575,2.5,25.9,49.3,17.8,8.1
C04101,堅果及種子類,白果,142,65,4.1,1.2,28.9,3.2
C04201,堅果及種子類,生蓮子,334,12,21.8,1.2,60.9,13.1
C04301,堅果及種子類,生鮮蓮子,141,63.2,9.3,0.5,25.6,8
C04401,堅果及種子類,糖漬蓮子,228,41.9,5.7,0.1,51.4,3.3
C04501,堅果及種子類,山粉圓,400,8.7,16.3,12.8,58,57.9
C04601,堅果及種子類,咖啡豆(曼特寧),437,2.1,13.9,14.9,65.1,48.4
C04701,堅果及種子類,"雪蓮子(大粒,埃及豆)",364,11,19.4,5.8,61,12.4
C04702,堅果及種子類,雪蓮子(小粒),354,11,4.7,0.5,82.1,75.8
C04801,堅果及種子類,愛玉子,407,7.8,12.2,12.5,63.7,51.6
D001,水果類,木瓜平均值,38,89.1,0.6,0.1,9.9,1.4
D00101,水果類,木瓜(11月取樣),44,87.5,0.4,0.1,11.8,1.1
D00102,水果類,木瓜(2月取樣),31,91,0.7,0.1,7.7,1.6
D00103,水果類,木瓜(5月取樣),44,87.4,0.7,0.1,11.3,1.5
D00104,水果類,木瓜(8月取樣),33,90.3,0.5,0,8.8,1.4
D00201,水果類,青木瓜,29,91.7,0.6,0.1,7.2,2.4
D003,水果類,可可椰子汁平均值,18,94.5,0.1,0,4.9,0
D00301,水果類,可可椰子汁(屏東),17,94.7,0.1,0,4.7,0
D00302,水果類,可可椰子汁(進口),19,94.2,0.2,0,5,0
D00401,水果類,紅甘蔗汁,63,82.8,0.5,0.5,15.9,0.2
D00501,水果類,百香果,66,84,2.2,2.4,10.7,5.3
D00601,水果類,百香果汁,73,79.6,0.9,0.4,18.6,0.2
D00701,水果類,華寶大西瓜(花蓮),33,90.6,0.7,0.1,8.4,0.7
D008,水果類,西瓜平均值(紅肉小瓜),33,90.8,0.8,0.1,8,0.3
D00801,水果類,皇宮西瓜,32,90.9,0.7,0.1,8.1,0.3
D00802,水果類,紅鈴西瓜,34,90.4,0.8,0.1,8.5,0.3
D00803,水果類,黑美人西瓜,36,89.7,0.9,0.1,9.1,0.3
D00804,水果類,鳳光西瓜,27,92.3,0.7,0.2,6.5,0.5
D00901,水果類,無子西瓜,33,90.5,0.9,0,8.2,0.6
D010,水果類,西瓜平均值(黃肉小瓜),29,91.7,0.7,0.1,7.3,0.3
D01001,水果類,小玉西瓜,35,90.2,0.8,0.1,8.6,0.3
D01002,水果類,金蘭西瓜,24,93.2,0.6,0,6,0.2
D01101,水果類,嘉寶瓜,40,88.7,0.8,0.2,10,0.4
D012,水果類,李子平均值(青皮黃肉),48,86.9,0.7,0.4,11.7,1.5
D01201,水果類,加州青李,47,86.8,0.6,0.2,12,1.8
D01202,水果類,翡翠李,48,87,0.7,0.5,11.4,1.3
D013,水果類,李子平均值(紅皮紅肉),39,89,0.6,0.3,9.6,1.7
D01301,水果類,紅肉李(大),41,88.9,0.5,0.3,10,1.5
D01302,水果類,紅肉李(小),38,89.2,0.7,0.3,9.2,1.8
D014,水果類,李子平均值(紅皮黃肉),48,86.7,0.7,0.3,11.9,1.5
D01401,水果類,加州紅李(台灣),45,88.2,0.3,0.6,10.6,1.7
D01402,水果類,加州紅李(進口),60,83,0.8,0.3,15.3,1.5
D01403,水果類,加州蜜李(進口),66,81.1,1.3,0.1,17.1,2.1
D01404,水果類,香水李,36,89.9,0.7,0.3,8.8,0.6
D01405,水果類,桃接李(大),38,89.6,0.6,0.3,9.2,1.2
D01406,水果類,桃接李(小),36,90.1,0.7,0.4,8.5,1.9
D01407,水果類,蜜棗李(進口),53,85.2,0.6,0.2,13.6,1.4
D01501,水果類,黃肉李,35,90.1,0.4,0.2,8.9,0.9
D01601,水果類,黑李,57,83.9,0.7,0.2,14.7,1.4
D01701,水果類,土芒果,54,84.9,0.6,0.3,13.8,1
D018,水果類,芒果平均值(西洋種),50,86,0.6,0.2,13,1.2
D01801,水果類,肯特芒果,49,86.3,0.5,0.2,12.7,1.2
D01802,水果類,海頓芒果,60,83.3,0.4,0.2,15.7,1.7
D01803,水果類,凱特芒果,50,86,1.1,0.2,12.5,1
D01804,水果類,愛文芒果,42,88.2,0.4,0.2,11,0.9
D01805,水果類,聖心芒果,50,86.3,0.5,0.2,12.9,1.3
D01901,水果類,黑香芒果,66,81.6,0.8,0.3,16.9,1.3
D020,水果類,芒果平均值(新興種),56,84.5,0.6,0.2,14.4,1.1
D02001,水果類,四季芒果,60,83.2,0.6,0.2,15.6,1.8
D02002,水果類,玉文芒果,62,82.9,0.5,0.3,16.1,0.7
D02003,水果類,金煌芒果,52,85.6,0.8,0.2,13,1.4
D02004,水果類,金蜜芒果,64,82.3,0.6,0.4,16.3,1.1
D02005,水果類,金興芒果,41,88.5,0.6,0.1,10.6,0.6
D02006,水果類,香水芒果,65,81.8,0.6,0.2,17.1,1.4
D02007,水果類,蓮花芒果,47,86.8,0.4,0.2,12.2,0.8
D02101,水果類,金黃奇異果,59,83.3,0.8,0.3,15,1.4
D02201,水果類,奇異果,56,84,1.1,0.3,14,2.7
D02301,水果類,枇杷,38,89.1,0.3,0.2,9.8,0.9
D02401,水果類,筆柿,69,80.6,0.6,0.1,18.3,4
D025,水果類,甜柿平均值,57,84,0.5,0.1,15.2,1.2
D02501,水果類,富有甜柿(大雪山),57,84.2,0.4,0.1,15.1,1.1
D02502,水果類,甜柿(進口),57,83.7,0.6,0.1,15.3,1.4
D02601,水果類,牛心柿,62,82.6,0.5,0.2,16.5,4
D02701,水果類,四周柿,66,81.4,0.5,0.1,17.6,4.4
D02801,水果類,柿餅,196,44.5,1.7,0.2,52.2,12.6
D02901,水果類,萊姆,38,90.5,0.5,1,7.7,1.9
D02902,水果類,萊姆汁,34,90.9,0.3,0.5,8.1,0.3
D03001,水果類,檸檬,33,91,0.7,0.5,7.3,1.2
D031,水果類,檸檬汁平均值,31,91.7,0.5,0.4,7,0.2
D03101,水果類,檸檬汁(黃皮),30,91.7,0.5,0.3,7.2,0.1
D03102,水果類,檸檬汁(綠皮),31,91.8,0.4,0.6,6.9,0.3
D03201,水果類,文旦,33,90.5,0.7,0.1,8.4,1.3
D03301,水果類,白柚,38,89.4,0.6,0.2,9.6,1.2
D03401,水果類,西施蜜柚,40,88.6,0.8,0.2,10.1,1.3
D035,水果類,甜橙平均值(普遍系),46,87.2,0.8,0.2,11.4,2
D03501,水果類,柳橙,43,87.6,0.8,0.1,11,2.1
D03502,水果類,香吉士(進口),47,87,0.7,0.5,11.4,2.2
D03503,水果類,澳洲甜橙(進口),46,87,0.9,0.1,11.6,1.7
D03601,水果類,青皮葡萄柚,33,90.6,0.8,0.1,8.3,1.2
D03701,水果類,紅寶石葡萄柚(古坑),37,89.9,0.7,0.3,8.9,1.1
D03801,水果類,黃皮葡萄柚(進口),38,89.3,0.7,0.1,9.7,1.1
D03901,水果類,黃皮葡萄柚,37,89.6,0.7,0.2,9.2,1.1
D04001,水果類,椪柑,40,88.7,0.8,0.2,10,1.5
D04101,水果類,紅柑,42,88.2,0.8,0.1,10.6,1
D04102,水果類,茂谷柑,44,87.4,0.6,0.1,11.5,1.3
D04103,水果類,海梨桶柑,44,87.6,0.9,0.1,11,2
D04104,水果類,高牆桶柑,45,87.1,0.8,0,11.8,1.4
D04105,水果類,檸檬柑,48,86.1,1.1,0.1,12.2,1.9
D04201,水果類,長果金柑,56,84.4,1,0.2,14.1,3.2
D04202,水果類,圓果金柑,32,91,0.7,0.2,7.6,2.2
D04301,水果類,圓果金柑汁(綠皮),33,90.6,0.9,0.1,7.9,1.4
D04401,水果類,紅龍果(白肉),51,85.7,0.9,0.4,12.4,1.7
D04501,水果類,紅龍果(紅肉),50,85.8,1.1,0.2,12.3,1.3
D046,水果類,北蕉平均值,85,75.7,1.5,0.1,22.1,1.6
D04601,水果類,北蕉(11月取樣),90,74.2,1.6,0.1,23.4,1.5
D04602,水果類,北蕉(2月取樣),93,73.4,1.3,0,24.6,2
D04603,水果類,北蕉(5月取樣),92,73.9,1.6,0.2,23.7,1.8
D04604,水果類,北蕉(9月取樣),65,81.4,1.3,0,16.6,1.2
D04701,水果類,"北蕉(0天,綠皮)",90,74.4,1.3,0.3,23.3,2
D04702,水果類,北蕉(1天),87,75.4,1.4,0.3,22.2,1.7
D04703,水果類,北蕉(3天),84,76.4,1.4,0.3,21.3,1.7
D04704,水果類,北蕉(7天),68,80.7,1.3,0.2,17.1,1.6
D04801,水果類,李林蕉,102,71,1.4,0.3,26.3,2.6
D04802,水果類,南華蕉,124,64.8,1.1,0.1,33.2,2.9
D04803,水果類,紅皮蕉,98,72.1,1.3,0.2,25.5,2.7
D04804,水果類,美人蕉,111,68.3,1.5,0.1,29.2,3.3
D04805,水果類,蘋果蕉,93,73.4,1.3,0.3,24,2.1
D04901,水果類,桑葚,32,91,1.1,0.4,7,1.3
D05001,水果類,桑葚汁,25,92.7,0.8,0.2,5.9,0.4
D051,水果類,水蜜桃平均值,39,88.8,0.9,0.2,9.7,1.7
D05101,水果類,水蜜桃,40,88.6,0.9,0.1,9.9,1.3
D05102,水果類,甜蜜桃,39,88.9,0.9,0.2,9.6,2
D052,水果類,脆桃平均值,44,87.3,0.9,0.1,11.1,2.5
D05201,水果類,白油桃,37,89.6,0.6,0.1,9.3,2.6
D05202,水果類,玫瑰桃,51,85.3,1.2,0.1,12.8,1.7
D05203,水果類,福壽桃,47,86.4,0.9,0.2,11.9,3.1
D05204,水果類,鶯哥桃,42,87.9,1,0.2,10.5,2.7
D05301,水果類,蟠桃,45,87.3,0.9,0.2,11.3,1.7
D054,水果類,荔枝平均值,65,81.8,1,0.2,16.5,0.8
D05401,水果類,玉荷苞荔枝,68,80.9,1.2,0.2,17.3,0.8
D05402,水果類,黑葉仔荔枝,62,82.7,0.9,0.2,15.8,0.9
D05501,水果類,冷凍荔枝,28,91.9,0.4,0.1,7.2,0.6
D05601,水果類,草莓,39,89,1,0.2,9.3,1.8
D05701,水果類,胭脂梅,35,90,0.5,0.1,8.8,2
D058,水果類,西洋梨平均值,53,85.3,0.3,0.2,14.1,2.1
D05801,水果類,西洋梨(青皮),62,82.8,0.3,0.2,16.5,2.6
D05802,水果類,西洋梨(紅皮),53,85.3,0.3,0.2,13.9,1.8
D05803,水果類,西洋梨(黃皮),44,87.7,0.2,0.1,11.8,1.9
D05901,水果類,幸水梨,34,90.4,0.4,0,9,1.2
D05902,水果類,大雪梨,42,88.1,0.3,0.1,11.1,1.1
D05903,水果類,新世紀梨,42,88.3,0.4,0.2,10.7,1.8
D05904,水果類,新興梨,44,87.5,0.2,0.1,11.9,1.4
D05905,水果類,橫山梨,47,86.8,0.4,0.1,12.4,1.9
D05906,水果類,豐水梨,36,89.7,0.5,0.1,9.4,1
D06001,水果類,將軍蜜梨,50,86,0.4,0.1,13.3,0.9
D06002,水果類,梨山蜜梨,47,86.6,0.3,0.1,12.6,1.6
D061,水果類,甜瓜平均值(光皮洋香瓜),30,91.4,0.9,0.1,7.2,0.6
D06101,水果類,太陽洋香瓜,32,90.5,1.2,0,7.8,0.1
D06102,水果類,狀元瓜,27,92,0.7,0.1,6.6,0.8
D06103,水果類,蜜世界洋香瓜,29,91.6,0.7,0.1,7.1,0.9
D062,水果類,甜瓜平均值(東洋系脆瓜),37,89.3,1,0.2,8.9,0.5
D06201,水果類,美濃瓜,37,89.3,1.1,0.2,8.8,0.5
D06202,水果類,黃香瓜,30,91,0.6,0.2,7.5,0.6
D06203,水果類,嘉玉甜瓜,43,87.6,1.3,0.1,10.4,0.6
D06301,水果類,新世紀哈密瓜,39,88.7,0.7,0,10.1,0.5
D06401,水果類,新疆哈蜜瓜,28,91.8,0.7,0.1,6.9,0.7
D065,水果類,甜瓜平均值(網紋洋香瓜),37,89.3,0.9,0,9.3,0.6
D06501,水果類,七股香洋香瓜,40,88.4,0.6,0.1,10.5,0.6
D06502,水果類,天香洋香瓜,44,87.1,0.8,0,11.6,0.5
D06503,水果類,秋香洋香瓜,34,90,1,0,8.4,0.5
D06504,水果類,紅寶石洋香瓜,39,88.6,1.2,0,9.6,0.6
D06505,水果類,香華洋香瓜,30,91.2,0.7,0,7.7,0.4
D06506,水果類,藍寶石洋香瓜,34,90.2,1.1,0,8.2,1
D06601,水果類,蛋黃果,106,70.3,1.4,0.3,27.3,6.1
D067,水果類,印度棗平均值(大),43,87.7,1.1,0.1,10.7,1.6
D06701,水果類,印度棗(長形),43,87.8,1.2,0.2,10.4,1.7
D06702,水果類,蜜棗(圓形),44,87.6,0.9,0.1,11,1.6
D06801,水果類,珍珠蜜棗,46,86.7,1.1,0,11.7,2.2
D06901,水果類,台灣土棗,88,75.1,0.9,0.3,23,3.9
D07001,水果類,紅棗,227,35.8,3.2,0.3,59.5,7.7
D07002,水果類,黑棗,230,34.8,2.7,0.2,60.9,10.8
D071,水果類,芭樂平均值(白肉),38,89.1,0.7,0.1,9.6,3.6
D07101,水果類,土芭樂,39,88.8,0.7,0.1,10,5
D07102,水果類,牛乳芭樂,33,89.8,0.5,0.1,8.5,3.3
D07103,水果類,世紀芭樂,40,88.7,0.7,0.1,10.3,3.4
D07104,水果類,珍珠芭樂,42,88.1,0.7,0.2,10.6,3.7
D07105,水果類,泰國芭樂,38,89,0.8,0.1,9.7,3
D07106,水果類,無子芭樂,33,90.4,0.7,0,8.6,2.9
D07201,水果類,紅心芭樂,42,88,0.8,0.1,10.7,3.9
D073,水果類,大番茄平均值(紅色系),18,94.5,0.8,0.1,4.1,1
D07301,水果類,牛番茄,18,94.7,0.7,0.1,4,1
D07302,水果類,紅番茄,19,94.1,0.9,0,4.4,0.8
D07303,水果類,桃太郎番茄,17,94.8,0.7,0,4,1.2
D07401,水果類,黃番茄,22,93.2,0.9,0,5.3,0.5
D075,水果類,大番茄平均值(綠色系),21,93.8,0.7,0.1,5,1
D07501,水果類,粉柿番茄,17,94.8,0.8,0,4,0.8
D07502,水果類,黑柿蕃茄,22,93.6,0.4,0.1,5.6,1
D07503,水果類,綠番茄,24,93.1,0.9,0.1,5.4,1.1
D076,水果類,小番茄平均值(紅色系),31,90.9,0.9,0.2,7.3,1.7
D07601,水果類,聖女小番茄,33,91,1.1,0.7,6.7,1.5
D07602,水果類,試交二號小番茄,28,91.5,0.7,0,7.2,1.9
D07603,水果類,櫻桃小番茄,33,90.4,0.9,0.1,8.1,1.6
D07701,水果類,黃金小蕃茄,29,91.5,0.8,0.2,6.8,1.2
D078,水果類,小蕃茄平均值(橙色系),30,91.1,1.1,0.2,6.9,1.3
D07801,水果類,金女小番茄,29,90.8,1.1,0.1,6.6,1.2
D07802,水果類,黃金聖女小番茄,30,91.4,1,0.1,7,1.6
D07803,水果類,橙蕃茄,31,91,1.2,0.2,7,1.2
D079,水果類,楊桃平均值,32,90.8,0.5,0.1,8.2,1.3
D07901,水果類,楊桃(11月取樣),31,91.2,0.4,0,8,1
D07902,水果類,楊桃(2月取樣),29,91.6,0.4,0.1,7.6,1.5
D07903,水果類,楊桃(4月取樣),32,90.7,0.7,0.1,8.1,1.5
D07904,水果類,楊桃(5月取樣),34,90.2,0.6,0.1,8.7,0.9
D07905,水果類,楊桃(9月取樣),33,90.5,0.5,0,8.8,1.4
D08001,水果類,美國紅葡萄,69,81.1,0.4,0.4,17.7,0.5
D08101,水果類,巨峰葡萄,64,82.4,0.5,0.3,16.6,0.2
D082,水果類,綠葡萄平均值,58,83.7,0.5,0.2,15.3,0.4
D08201,水果類,美國綠葡萄,64,82,0.5,0.2,16.8,0.4
D08202,水果類,意大利葡萄,52,85.5,0.5,0.1,13.7,0.4
D08301,水果類,美國紅葡萄(含皮),61,82.7,0.4,0.1,16.3,0.8
D08401,水果類,美國紫葡萄(含皮),80,77.3,0.4,0,21.9,0.7
D08501,水果類,美國黑葡萄(含皮),63,82.4,0.6,0.2,16.4,0.8
D08601,水果類,美國綠葡萄(含皮),87,75.5,0.6,0.4,22.7,0.8
D08701,水果類,無子紅葡萄(含皮),72,79.9,0.5,0.1,19.2,0.6
D08801,水果類,黑美人葡萄(含皮),66,81.6,0.5,0.1,17.4,0.5
D08901,水果類,金香葡萄(含皮),60,83,0.6,0.1,16,0.5
D090,水果類,酪梨平均值(綠皮),73,85.5,1.5,4.8,7.5,3.8
D09001,水果類,酪梨(綠皮),65,86.1,1.6,3.7,7.9,3.4
D09002,水果類,酪梨(室溫存放0天),80,85,1.5,5.9,7.1,4.2
D09101,水果類,酪梨(室溫存放3天),84,84.8,1.4,6.8,6.3,2.9
D09102,水果類,酪梨(室溫存放6天),92,83.2,1.5,7.6,6.6,5.7
D09201,水果類,突目1號鳳梨,56,84.4,0.6,0.2,14.5,1
D093,水果類,鳳梨平均值(雜交種),53,85.2,0.7,0.1,13.6,1.1
D09301,水果類,甘蔗鳳梨,57,83.8,0.7,0.1,15.1,1.4
D09302,水果類,甜蜜蜜鳳梨,42,87.9,1,0.1,10.6,0.9
D09303,水果類,金鑽鳳梨,50,85.8,0.5,0.1,13.2,1.1
D09304,水果類,牛奶鳳梨,60,83.2,0.8,0.3,15.4,0.7
D094,水果類,蓮霧平均值(粉紅色種),35,90.1,0.4,0.2,9,0.8
D09401,水果類,紅寶石蓮霧,33,91.1,0.3,0.3,8.1,0.7
D09402,水果類,黑金剛蓮霧,34,90.3,0.5,0.1,8.8,0.9
D09403,水果類,黑珍珠蓮霧,39,89,0.4,0.1,10.2,0.9
D09501,水果類,龍眼,73,79.7,1.1,0.5,17.9,1.8
D09601,水果類,龍眼乾,277,18.2,5.1,0.7,70.7,2.9
D09602,水果類,帶殼龍眼乾,278,19.7,4.6,0.1,72.9,3.1
D097,水果類,蘋果平均值(青皮),49,86.3,0.3,0.2,13,1.5
D09701,水果類,青龍蘋果,52,85.4,0.3,0.2,13.8,1.3
D09702,水果類,翠玉青蘋果,46,87.1,0.3,0.1,12.2,1.7
D09801,水果類,翠玉青蘋果(帶皮),54,85,0.4,0.2,14.1,2.3
D09901,水果類,美國五爪蘋果,51,85.8,0.2,0.1,13.8,1.6
D100,水果類,蘋果平均值(混色),51,85.6,0.2,0.1,13.9,1.3
D10001,水果類,加拉蘋果,55,84.6,0.2,0.1,15,1.5
D10002,水果類,津經蜜蘋果,56,84.2,0.2,0.2,15.1,1.4
D10003,水果類,秋香蘋果,45,87.2,0.3,0,12.3,1.2
D10004,水果類,富士蘋果,49,86.3,0.2,0.1,13.1,1.3
D10101,水果類,富士蘋果(帶皮),45,87.6,0.2,0.1,11.9,1.7
D10201,水果類,金冠蘋果,49,86.3,0.4,0.1,13,1.5
D10301,水果類,釋迦,104,70,2.2,0.1,26.6,2.7
D10401,水果類,鳳梨釋迦,102,71.5,1.5,0.4,26,1.7
D10501,水果類,人心果,83,77.5,0.6,0.8,20.5,9
D10601,水果類,山竹,69,80.8,0.6,0.3,18.1,1.6
D10701,水果類,安石榴,67,80.7,1.7,0.1,16.8,4.6
D10801,水果類,紅毛丹,73,80,1,0.7,17.9,1.5
D10901,水果類,香瓜茄,24,93,0.4,0.1,6.2,0.7
D11001,水果類,榴槤,136,63.3,2.6,1.6,31.6,3.8
D11101,水果類,櫻桃,75,78.8,1.2,0.3,19.1,1.3
D11102,水果類,白櫻桃,69,80.4,0.7,0.1,18.4,1.1
E00101,蔬菜類,牛蒡,84,76.9,2.5,0.4,19.1,5.1
E002,蔬菜類,胡蘿蔔平均值,39,89.3,1.1,0.1,8.9,2.6
E00201,蔬菜類,胡蘿蔔,37,89.6,1,0.2,8.5,2.7
E00202,蔬菜類,向陽二號胡蘿蔔,44,88.1,0.6,0.1,10.6,2.5
E00203,蔬菜類,澳洲胡蘿蔔(細長型),34,90.2,1.7,0.1,7.5,2.7
E00301,蔬菜類,黃胡蘿蔔,42,88.4,1.1,0.3,9.4,4.1
E00401,蔬菜類,冷凍胡蘿蔔,13,96,0.5,0.1,3,2.2
E00501,蔬菜類,根菾菜根,34,89.9,1.3,0.1,7.8,2.3
E006,蔬菜類,白蘿蔔平均值,18,95.2,0.5,0.1,3.9,1.1
E00601,蔬菜類,白蘿蔔,16,95.5,0.7,0.1,3.3,1.1
E00602,蔬菜類,白蘿蔔(長形),19,94.8,0.4,0.1,4.4,1.1
E00701,蔬菜類,櫻桃蘿蔔,11,96.5,0.6,0,2.3,1
E00801,蔬菜類,青蘿蔔,33,90.1,1.8,0.1,7,1.6
E00901,蔬菜類,蘿蔔乾,58,75.8,2.2,1.2,10.8,7.2
E01001,蔬菜類,百合鱗片,137,62.4,3.8,0.1,32.3,2.7
E01101,蔬菜類,乾百合鱗片,304,15.6,11.8,0.7,68.4,26
E01201,蔬菜類,芋莖,20,94.2,1.1,0.5,3.4,1.5
E01301,蔬菜類,金針菜嫩莖,24,93.4,0.7,0.2,5.3,2.1
E01401,蔬菜類,草石蠶,75,79.3,1.7,0,18,2.4
E01501,蔬菜類,球莖甘藍,20,94,1.6,0.2,3.6,0.9
E01601,蔬菜類,孟宗竹筍,40,87.3,4,0.1,7.3,2.1
E01701,蔬菜類,熟桂竹筍,21,93.7,2.1,0.2,3.5,1.7
E01702,蔬菜類,桂竹筍片,17,93,1,0.2,3.3,2.4
E01801,蔬菜類,烏殼綠竹筍,21,93.6,1.8,0.2,3.8,1.7
E01901,蔬菜類,茭白筍,20,94,1.3,0.2,4,2.1
E02001,蔬菜類,麻竹筍,21,93.3,2.1,0.1,3.7,2
E02101,蔬菜類,冷凍麻竹筍,17,95.1,0.8,0,3.8,1.7
E02102,蔬菜類,麻竹筍干,177,46.8,15.8,1.2,32,17
E02201,蔬菜類,綠竹筍,25,92.6,1.7,0.2,4.7,1.7
E02301,蔬菜類,帶殼熟綠竹筍,25,92.4,2,0.1,4.9,1.9
E02302,蔬菜類,沙拉筍塊,24,93.1,1.6,0.1,4.8,1.7
E02401,蔬菜類,箭竹筍,22,93,2.9,0.3,3.1,2
E02501,蔬菜類,熟箭竹筍,19,93.8,1.8,0.3,2.9,2.1
E02601,蔬菜類,白蘆筍,25,92.6,1.8,0.2,4.9,1.8
E027,蔬菜類,綠蘆筍平均值,22,93.1,2.4,0.2,3.6,1.3
E02701,蔬菜類,綠蘆筍,22,93.4,1.3,0.2,4.5,1.4
E02702,蔬菜類,澳洲綠蘆筍(粗短型),20,93.4,2.5,0.2,3.1,1.2
E02703,蔬菜類,綠蘆筍(細短型),23,92.5,3.3,0.2,3.2,1.2
E02801,蔬菜類,蘆筍花,21,93.1,2.9,0.3,2.7,1.8
E02901,蔬菜類,嫩莖萵苣,16,95,1,0.2,3.1,1.2
E03001,蔬菜類,嫩薑,21,94.3,0,0.3,4.8,1.4
E03002,蔬菜類,粉薑,28,92,1,0.3,6.1,2.7
E03003,蔬菜類,老薑,53,85.8,1.1,0.5,11.7,3.2
E03101,蔬菜類,檳榔嫩莖,31,90.9,2.2,0.4,5.6,2.6
E03201,蔬菜類,大蒜,122,65.6,6.7,0.2,26.4,4.2
E03301,蔬菜類,青蒜,33,90.5,2.1,0.3,6.4,3.2
E03401,蔬菜類,蒜苗,54,85.1,2.2,0.1,12,3.3
E03501,蔬菜類,薤,10,90.6,0.5,0.2,1.9,1.8
E036,蔬菜類,青?平均值,28,92,1.4,0.2,6,2.2
E03601,蔬菜類,青?,22,93.5,1.5,0.3,4.2,2.5
E03602,蔬菜類,山東大蔥,31,91.4,1.3,0.1,6.7,1.3
E03603,蔬菜類,日本甜?,33,90.7,1,0.1,7.6,2.7
E03604,蔬菜類,宜蘭粉蔥,27,92.3,1.6,0.2,5.4,2.2
E03701,蔬菜類,白洋?,42,88.6,1,0.1,10,1.3
E03801,蔬菜類,紫洋?,32,91.3,0.9,0.1,7.3,1.5
E03901,蔬菜類,黃洋?,42,88.9,1,0.2,9.5,1.4
E04001,蔬菜類,紅?頭,75,79.1,3.4,0.3,16.4,2.5
E04101,蔬菜類,?菜花,24,92.8,1.8,0.2,4.6,1.8
E04201,蔬菜類,?菜,23,93,1.9,0.4,3.9,2.4
E04202,蔬菜類,?菜黃,16,95.1,1.5,0.1,2.9,1.7
E04301,蔬菜類,九層塔,18,93.5,2.9,0.4,1.9,3.4
E04401,蔬菜類,小麥苗,34,89.6,3.3,0.5,5.5,3.9
E04501,蔬菜類,水菜(日本種),11,95.7,1.2,0.2,1.6,1.4
E046,蔬菜類,甘藍平均值,23,93.2,1.3,0.1,4.8,1.1
E04601,蔬菜類,梨山甘藍(尖球形),24,92.9,1.4,0.1,5.1,1
E04602,蔬菜類,甘藍(扁圓形),21,93.9,1.1,0.2,4.3,0.9
E04603,蔬菜類,甘藍(圓球形),24,92.9,1.4,0.2,4.9,1.3
E04701,蔬菜類,紫色甘藍,28,91.7,1.5,0.2,5.9,2.1
E04801,蔬菜類,甘藍芽,33,90.5,2.7,0.6,5.4,2.1
E04901,蔬菜類,冷凍甘藍,20,93.9,1.3,0.1,4.2,2.3
E04902,蔬菜類,脫水甘藍,341,4.7,6.9,0.1,82.6,17
E04903,蔬菜類,酸甘藍菜,22,92.1,1.4,0.2,4.2,3.4
E04904,蔬菜類,甘藍乾,180,39,7.2,1.1,38.9,3
E05001,蔬菜類,甘藷葉,28,90.9,3.2,0.3,4.4,3.3
E051,蔬菜類,不結球白菜平均值,14,95.2,1.5,0.2,2.2,1.3
E05101,蔬菜類,蚵仔白菜,13,96,1.6,0.5,1.1,1.4
E05102,蔬菜類,荷葉白菜,14,94.8,1.4,0.1,2.5,1.2
E05103,蔬菜類,葵扇白菜,14,95.1,1.6,0.1,2.4,1.4
E05104,蔬菜類,黑葉白菜(短梗),15,94.7,1.3,0,2.9,1.3
E05201,蔬菜類,千寶菜,20,93.3,1.7,0.2,3.6,2.2
E053,蔬菜類,小白菜平均值,12,95.8,1.2,0.2,1.9,1.3
E05301,蔬菜類,土植小白菜(10月取樣),11,96.4,1.1,0.2,1.7,1.1
E05302,蔬菜類,土植小白菜(1月取樣),10,96.4,1.1,0.2,1.5,1.3
E05303,蔬菜類,土植小白菜(3月取樣),12,95.8,1.6,0.1,1.9,1.9
E05304,蔬菜類,土植小白菜(4月取樣),13,95.8,1.1,0.2,2.2,1.2
E05305,蔬菜類,土植小白菜(7月取樣),10,96.3,1,0.1,1.8,1
E05306,蔬菜類,水植小白菜(10月取樣),12,95.9,1.1,0.3,1.8,1.2
E05307,蔬菜類,水植小白菜(1月取樣),13,95.3,1.5,0.1,2.1,1.5
E05308,蔬菜類,水植小白菜(4月取樣),13,95.6,1,0.2,2.4,1.4
E05309,蔬菜類,水植小白菜(7月取樣),12,95.7,0.9,0.1,2.4,1.2
E05310,蔬菜類,有機小白菜(10月取樣),13,95.7,1.3,0.2,1.9,1.1
E05311,蔬菜類,有機小白菜(1月取樣),9,96.2,1.8,0.2,0.8,1.5
E05312,蔬菜類,有機小白菜(4月取樣),14,95,1.3,0.2,2.4,1.2
E05313,蔬菜類,有機小白菜(7月取樣),11,96,1.3,0.1,1.7,1.3
E05314,蔬菜類,珍珠小白菜,11,95.6,1.5,0.1,1.7,1.7
E05401,蔬菜類,油菜心,31,91.1,3.2,0.8,4,2.3
E05501,蔬菜類,油菜,12,95.8,1.4,0.2,1.6,1.6
E056,蔬菜類,青江菜平均值,13,95.6,1.3,0.1,2.1,1.4
E05601,蔬菜類,土植青江菜(10月取樣),12,95.9,1.4,0.2,1.6,1.9
E05602,蔬菜類,土植青江菜(1月取樣),10,96.4,1.3,0,1.6,1.1
E05603,蔬菜類,土植青江菜(3月取樣),11,96.4,0.4,0.2,2.3,2.1
E05604,蔬菜類,土植青江菜(4月取樣),11,96.4,1,0.1,1.8,1
E05605,蔬菜類,土植青江菜(7月取樣),15,95.1,1.5,0.1,2.5,1.3
E05606,蔬菜類,水植青江菜(10月取樣),11,96,1.4,0.2,1.4,1.9
E05607,蔬菜類,水植青江菜(1月取樣),12,95.7,1.2,0,2.4,1.4
E05608,蔬菜類,水植青江菜(4月取樣),14,95,1.4,0.2,2.4,1.3
E05609,蔬菜類,水植青江菜(7月取樣),14,94.8,1.7,0.1,2.2,1.1
E05610,蔬菜類,有機青江菜(10月取樣),9,96.5,1.3,0.2,1.1,1.2
E05611,蔬菜類,有機青江菜(1月取樣),10,96.1,1.5,0,1.5,1.3
E05612,蔬菜類,有機青江菜(4月取樣),15,94.9,1.4,0.2,2.5,1.2
E05613,蔬菜類,有機青江菜(7月取樣),21,93.1,1.9,0.2,3.5,1.9
E05701,蔬菜類,塔菇菜,11,95.5,2.7,0.2,0.5,1.8
E05801,蔬菜類,廣島野菜,8,96.6,2,0.1,0.3,2.1
E059,蔬菜類,結球白菜平均值,17,95.1,1.2,0.3,2.9,0.9
E05901,蔬菜類,煙台白菜,14,95.8,1.3,0.3,2.2,1.2
E05902,蔬菜類,迷你竹筍白菜,19,94.2,1.3,0.1,3.8,0.4
E05903,蔬菜類,翠玉白菜,19,94.9,1,0.7,2.8,1.2
E05904,蔬菜類,包心白菜,14,95.5,1.2,0.2,2.6,1
E06001,蔬菜類,白菜芽,54,85,2.6,0.3,11.5,1.7
E06101,蔬菜類,白鳳菜,27,91.5,2,0.4,4.8,3.3
E06201,蔬菜類,紅鳳菜,22,92.7,2.1,0.4,3.5,2.6
E06301,蔬菜類,豆瓣菜,21,93.1,2.2,0.3,3.2,2
E06401,蔬菜類,明日葉,57,84.5,1.4,0.8,11.9,6.1
E06501,蔬菜類,山芹菜,27,92.6,2.8,2.2,0.4,1.7
E066,蔬菜類,芹菜平均值,15,95,0.8,0.1,3.1,1.4
E06601,蔬菜類,芹菜(青梗),12,95.7,0.8,0.1,2.4,1.1
E06602,蔬菜類,芹菜(黃梗),18,94.3,0.8,0.2,3.8,1.6
E06701,蔬菜類,西洋芹菜,11,96.3,0.4,0.2,2.2,1.6
E06801,蔬菜類,大心芥菜,35,95.7,1,5.1,0,1
E06901,蔬菜類,大芥菜,19,94.6,0.8,0.5,3.4,1.6
E07001,蔬菜類,包心芥菜,17,95.2,1,0.5,2.7,1.4
E071,蔬菜類,芥菜平均值,19,93.8,1.5,0.2,3.5,1.6
E07101,蔬菜類,芥菜,18,94.1,1.6,0.1,3.2,1.5
E07102,蔬菜類,雪裡蕻,20,93.5,1.5,0.2,3.8,1.7
E07201,蔬菜類,梅乾菜,105,41.1,5.5,1.1,20.8,12.8
E07202,蔬菜類,榨菜,25,86.5,1.3,0.4,4.6,2.9
E07203,蔬菜類,酸菜,17,91,0.8,0.3,3.2,2.3
E07301,蔬菜類,芥藍菜,20,93.6,1.7,0.3,3.2,1.9
E07401,蔬菜類,芥藍芽,26,92.1,2.2,0.3,4.5,1.9
E07501,蔬菜類,芫荽,26,91.5,2.3,0.3,4.5,3.2
E07601,蔬菜類,紅梗珍珠菜,37,88.8,2.6,1,5.6,6.4
E07701,蔬菜類,食茱萸,127,60.2,11.9,0.3,23.8,16.8
E07801,蔬菜類,香樁,99,72.1,4.3,1.5,19.4,5.9
E07901,蔬菜類,茴香,24,92.1,2.2,0.2,4.1,2.8
E08001,蔬菜類,馬齒莧,14,95.6,1.2,0.4,1.9,0.4
E08101,蔬菜類,茼蒿,16,94.7,1.7,0.3,2.2,1.6
E08201,蔬菜類,日本茼蒿,15,94.2,2.6,0.2,1.8,2.3
E08301,蔬菜類,昭和草,26,91.9,2.2,0.7,3.8,0
E08401,蔬菜類,隼人瓜苗,24,92.2,3.3,0.2,3.5,2.3
E08501,蔬菜類,白莧菜,17,93.9,1.9,0.3,2.6,2.4
E08601,蔬菜類,紅莧菜,20,92.3,2.9,0.2,2.6,2.7
E08701,蔬菜類,野莧菜,41,85.9,6.3,0.6,4.9,4.3
E08801,蔬菜類,紫蘇,71,79.4,5.5,1.2,11.9,8.8
E08901,蔬菜類,菠菜,18,93.7,2.2,0.3,2.4,1.9
E09001,蔬菜類,菠菜(葉),24,91.5,3.9,0.4,2.5,3.2
E09101,蔬菜類,冷凍菠菜,17,94.1,2.1,0,2.9,2.1
E09201,蔬菜類,菾菜,21,92.9,2,0.1,3.7,2
E09202,蔬菜類,黃金菾菜,18,93.4,2.4,0.2,2.6,2.4
E09301,蔬菜類,落葵,33,90.1,2.7,0.3,6,2.3
E09401,蔬菜類,藤三七,21,93.6,1.6,0.5,3.2,1.2
E095,蔬菜類,不結球萵苣平均值,16,95,1.1,0.3,2.8,1.6
E09501,蔬菜類,奶油萵苣(日本種),16,95.2,1.1,0.3,2.6,1.4
E09502,蔬菜類,紅葉萵苣(荷蘭種）,16,95,1.4,0.3,2.5,2
E09503,蔬菜類,廣東萵苣,20,94.1,1,0.2,4,1.7
E09504,蔬菜類,蘿美萵苣,13,95.8,1,0.2,2.3,1.4
E096,蔬菜類,本島萵苣平均值,16,95,1.2,0.2,2.7,1.5
E09601,蔬菜類,土植本島萵苣(10月取樣),14,95.7,1.1,0.3,2.2,1.1
E09602,蔬菜類,土植本島萵苣(1月取樣),17,95,1.6,0.4,2.5,1.5
E09603,蔬菜類,土植本島萵苣(3月取樣),18,94.7,0.3,0.3,3.8,2.1
E09604,蔬菜類,土植本島萵苣(4月取樣),17,95.1,0.9,0.2,3.3,1.4
E09605,蔬菜類,土植本島萵苣(7月取樣),23,93.2,1.4,0.3,4.4,1.7
E09606,蔬菜類,水植本島萵苣(10月取樣),12,96,1.1,0.3,1.6,1.1
E09607,蔬菜類,水植本島萵苣(1月取樣),14,95.2,1.6,0.2,2.1,1.5
E09608,蔬菜類,水植本島萵苣(4月取樣),15,95.3,1,0.2,2.7,1.4
E09609,蔬菜類,水植本島萵苣(7月取樣),13,95.6,1.4,0.2,1.9,1.4
E09610,蔬菜類,有機本島萵苣(10月取樣),15,95.4,1.3,0.3,2.3,1.7
E09611,蔬菜類,有機本島萵苣(1月取樣),15,94.7,1.8,0,2.6,2
E09612,蔬菜類,有機本島萵苣(4月取樣),19,94.3,1.1,0.3,3.5,1.6
E09613,蔬菜類,有機本島萵苣(7月取樣),17,94.8,1.5,0.3,2.7,1.4
E09701,蔬菜類,水植波士頓萵苣,8,97.4,1.2,0.2,0.7,1.1
E09801,蔬菜類,結球萵苣,13,96.1,0.7,0.1,2.8,0.9
E09901,蔬菜類,豌豆苗,31,90.3,3.7,0.5,4.4,2.3
E10001,蔬菜類,龍葵,26,91,3.8,0.3,3.4,2.5
E101,蔬菜類,蕹菜平均值,21,93,2,0.3,3.5,2.5
E10101,蔬菜類,土植蕹菜(10月取樣),17,94.3,1.8,0.3,2.6,1.9
E10102,蔬菜類,土植蕹菜(1月取樣),22,93.3,2,0.3,3.5,2.9
E10103,蔬菜類,土植蕹菜(4月取樣),20,93.5,1.7,0.2,3.5,2.9
E10104,蔬菜類,土植蕹菜(7月取樣),17,94.4,1.9,0.1,2.8,1.8
E10105,蔬菜類,水植蕹菜(10月取樣),23,92.5,2.2,0.3,3.8,2.8
E10106,蔬菜類,水植蕹菜(1月取樣),27,90.9,2.7,0.3,4.5,2.8
E10107,蔬菜類,水植蕹菜(4月取樣),24,92.2,2.2,0.1,4.3,2.7
E10108,蔬菜類,水植蕹菜(7月取樣),17,93.8,1.9,0.2,2.7,1.8
E10109,蔬菜類,有機蕹菜(10月取樣),19,93.7,1.7,0.4,3,2.3
E10110,蔬菜類,有機蕹菜(4月取樣),26,91.7,1.9,0.3,4.7,2.8
E10201,蔬菜類,水蕹菜,24,92.8,2.6,0.5,3.3,2.4
E10301,蔬菜類,蘿蔔葉,14,95.1,1.7,0.2,2,1.9
E10401,蔬菜類,花椰菜,23,93,1.8,0.1,4.5,2
E10501,蔬菜類,冷凍花椰菜,21,93.8,1.3,0.1,4.5,3.2
E10502,蔬菜類,花椰菜乾,291,13.7,16,0.6,62.5,27.7
E10601,蔬菜類,青花菜,28,90.8,3.7,0.2,4.4,3.1
E10701,蔬菜類,青花菜筍,32,90.4,3,0.5,5.1,3
E10801,蔬菜類,冷凍青花菜,25,92.3,2.5,0.2,4.4,3.3
E10901,蔬菜類,紫色花椰菜,40,87.8,3.1,0.3,7.6,3.9
E11001,蔬菜類,金針菜,40,89.1,2.4,0.5,7.4,2.9
E11101,蔬菜類,金針菜乾,307,11,14.3,1.8,65.4,19.8
E11201,蔬菜類,絲瓜花,31,90,3.9,0.3,4.8,3.1
E11301,蔬菜類,玉米筍,31,91.1,2.2,0.3,5.8,2.6
E114,蔬菜類,冬瓜平均值,11,96.9,0.4,0.1,2.4,1.1
E11401,蔬菜類,冬瓜,13,96.5,0.4,0.1,2.7,1.1
E11402,蔬菜類,香芋冬瓜,9,97.2,0.4,0,2,1.1
E11501,蔬菜類,醃漬冬瓜,24,83.6,2.5,0.2,4.1,1.9
E116,蔬菜類,南瓜平均值,74,79.8,1.9,0.2,17.3,2.5
E11601,蔬菜類,日本南瓜,86,77.4,0.6,0.4,20.8,3.1
E11602,蔬菜類,台灣南瓜,49,86.4,1.7,0.2,11.1,1.4
E11603,蔬菜類,栗子南瓜,86,76.9,1.4,0.2,20.7,3.3
E11604,蔬菜類,菊花南瓜,76,78.3,3.8,0.1,16.8,2.2
E11701,蔬菜類,胡瓜,14,96,0.7,0.1,2.9,0.5
E11801,蔬菜類,花胡瓜,13,96.1,0.9,0.2,2.4,1.3
E11901,蔬菜類,醃漬花胡瓜,83,74,3,0.5,18.1,2
E120,蔬菜類,苦瓜平均值,20,94.3,0.9,0.1,4.2,3.2
E12001,蔬菜類,苦瓜(白皮),19,94.4,0.9,0.1,4.1,2.8
E12002,蔬菜類,苦瓜(青皮),20,94.3,0.9,0.1,4.2,3.6
E12101,蔬菜類,珍珠苦瓜,19,94.6,0.7,0.1,4.2,1.9
E12201,蔬菜類,野苦瓜,30,91.5,1.7,0.6,5.3,4.1
E12301,蔬菜類,隼人瓜,23,93.7,0.7,0.1,5.2,1.6
E12401,蔬菜類,絲瓜,19,94.6,1.1,0.1,3.9,1
E12402,蔬菜類,稜角絲瓜,20,94.4,0.9,0.2,4.1,1.2
E12501,蔬菜類,越瓜,18,94.8,0.6,0.1,4.1,1
E12601,蔬菜類,醃漬越瓜,16,93,1.1,0.1,3,1.3
E127,蔬菜類,蒲瓜平均值,18,95.1,0.5,0.1,4,1.3
E12701,蔬菜類,蒲瓜(長形),19,94.9,0.5,0.1,4.2,1.3
E12702,蔬菜類,蒲瓜(圓形),18,94.9,0.6,0.1,4,1.3
E12703,蔬菜類,花蒲瓜(圓形),15,95.9,0.3,0,3.5,1.2
E12704,蔬菜類,葫蘆瓜,20,94.8,0.5,0.3,4.1,1.3
E12801,蔬菜類,黃櫛瓜,15,95,1.5,0.1,2.7,0.9
E12802,蔬菜類,綠櫛瓜,13,95,2.2,0,1.8,0.9
E129,蔬菜類,茄子平均值,23,93.4,1.1,0.1,4.9,2.2
E12901,蔬菜類,長茄子,25,92.8,1.2,0.2,5.3,2.7
E12902,蔬菜類,圓茄子,21,93.9,1,0,4.5,1.6
E130,蔬菜類,蛇瓜平均值,25,93,1.7,0.5,4.4,2.1
E13001,蔬菜類,白皮蛇瓜,19,94.5,1.4,0.3,3.2,1.2
E13002,蔬菜類,綠皮蛇瓜,32,91.4,1.9,0.6,5.6,2.9
E131,蔬菜類,甜椒平均值(青皮),29,92.2,1,0.4,5.9,3
E13101,蔬菜類,甜椒(青皮),23,93.7,0.8,0.3,4.9,2.1
E13102,蔬菜類,小甜椒(青皮),35,90.8,1.4,0.5,6.8,3.2
E13103,蔬菜類,高山甜椒(青皮),30,92.1,0.9,0.6,6,3.6
E13201,蔬菜類,甜椒(紅皮),33,91.2,0.8,0.5,7.1,1.6
E13202,蔬菜類,甜椒(黃皮),28,92.2,0.8,0.3,6,1.9
E13203,蔬菜類,甜椒(橙皮),35,90.7,0.9,0.3,7.7,1.3
E133,蔬菜類,青辣椒平均值,33,90.9,1.3,0.3,6.9,3.3
E13301,蔬菜類,角椒,22,93.6,0.9,0.2,4.7,2.5
E13302,蔬菜類,長辣椒(青皮),49,86.6,1.9,0.4,10.3,4.1
E13303,蔬菜類,糯米椒,28,92.3,1.2,0.3,5.6,3.2
E134,蔬菜類,紅辣椒平均值,80,78,3.6,0.9,16.4,11.4
E13401,蔬菜類,長辣椒(紅皮),48,86.8,2.4,0.7,9.3,6.9
E13402,蔬菜類,朝天椒(長果),90,76,3.4,1.3,17.9,13.9
E13403,蔬菜類,朝天椒(圓果),103,71.3,4.9,0.5,21.9,13.4
E13501,蔬菜類,乾長辣椒(紅皮),382,13.3,19.9,17.2,47.6,41.4
E13601,蔬菜類,黃秋葵,36,89.8,2.1,0.1,7.5,3.7
E13701,蔬菜類,青花菜芽,25,93.1,2.4,0.6,3.6,3.2
E13801,蔬菜類,苜蓿芽,20,93.6,3.2,0.2,2.5,1.8
E13901,蔬菜類,紫高麗芽,32,92,0.2,0.7,6.6,2.9
E14001,蔬菜類,黃豆芽,34,90.2,5.4,1.2,2.5,2.7
E14101,蔬菜類,黑豆芽,69,81.3,7.4,2,8.3,4.9
E14201,蔬菜類,葵花芽,26,92,2.5,0.4,4.3,2.4
E14301,蔬菜類,綠豆芽,24,93.1,2.3,0.2,4.1,1.3
E14401,蔬菜類,豌豆芽,25,91.8,4.8,0.3,2.5,2.5
E14501,蔬菜類,蕎麥芽,20,94.1,1.9,0.2,3.4,2.1
E14601,蔬菜類,蘿蔔芽,24,93,2.1,0.4,3.9,1.2
E14701,蔬菜類,山蘇菜,26,91.5,3,0.2,4.4,3.3
E14801,蔬菜類,火炭母草,12,93.6,1.6,0.4,1.2,1.7
E14901,蔬菜類,石蓮花,11,96.7,0.4,0.1,2.2,0.6
E15001,蔬菜類,青葙,50,86.5,2.5,1.6,7.7,3.3
E15101,蔬菜類,美國空心菜,22,93.1,2.2,0.3,3.5,2.1
E15201,蔬菜類,香芫荽,23,93,2.4,0.2,3.9,2.2
E15301,蔬菜類,假人蔘,32,92.6,1.6,2.2,2.2,1
E15401,蔬菜類,荷蘭豆菜心,30,90.9,3.9,0.6,3.9,2.8
E15501,蔬菜類,野苦瓜嫩梢,77,77.7,5.7,1.7,12.2,8.8
E15601,蔬菜類,厥子,23,93,2.3,0.2,3.9,5.7
E15701,蔬菜類,義大利茼蒿,15,95.3,1.6,0.4,1.9,1.6
E15801,蔬菜類,過溝菜蕨,27,91.9,3.1,0.8,3.2,2.9
E15901,蔬菜類,蔘鬚,330,10.9,7,1.8,76.2,16
E16001,蔬菜類,龍延草,79,77.7,3.9,2.3,12.7,0.7
E16101,蔬菜類,龍骨瓣莕菜,17,94.7,1.1,0.3,3.1,1.9
E16201,蔬菜類,薄荷,55,83.4,3,0.6,10.9,7.5
E16301,蔬菜類,蕺菜,46,86.2,3.2,0.9,7.7,1.9
E16401,蔬菜類,蘆薈,4,99.1,0.1,0.4,0.2,1.4
F00101,藻類,紅毛苔,265,7,39.9,1.9,36.9,26.6
F00201,藻類,紫菜,268,12.3,28.1,0.9,47.9,29
F00301,藻類,熟紫菜,294,10.4,18.1,0.4,62.4,37.3
F00401,藻類,髮菜,302,15.7,10.3,0.5,69.5,14.6
F00501,藻類,麒麟菜,41,87.5,0.9,0,9.9,4.5
F00601,藻類,乾麒麟菜,189,6.2,1.2,0.5,46.7,12.2
F00701,藻類,礁膜,16,94.8,0.3,0.1,3.7,3.5
F00801,藻類,乾海茸芯,254,15.1,8.4,0.2,59.1,40
F009,藻類,海帶平均值,20,93.8,0.8,0.1,4.3,2.8
F00901,藻類,海帶卷,14,95.5,0.7,0.2,2.8,2.7
F00902,藻類,海帶茸,29,91,1.1,0,6.5,1.9
F00903,藻類,海帶梗,17,94.2,0.8,0.1,3.7,4.4
F00904,藻類,海帶結,17,94.7,0.8,0.1,3.6,2.4
F00905,藻類,海帶絲,22,93.6,0.7,0.1,5,2.8
F01001,藻類,乾海帶,220,15.5,10,1.1,47.3,26.6
F01101,藻類,裙帶菜,36,72.8,3,0.6,5.9,6.1
F01201,藻類,乾裙帶菜,225,9.5,22.9,0.7,40.8,34.1
F01301,藻類,乾裙帶菜根,201,9.3,6.2,0.6,46.1,39.6
F01401,藻類,鳳尾藻,224,17.1,17.9,2,41.2,43.1
F01501,藻類,洋菜,306,19.4,0.3,0,78.3,73.6
F01601,藻類,壽司海苔片,278,8.6,46.5,3.7,32.1,26.5
F01701,藻類,寒天脆藻,10,96.6,0,0,2.5,1.1
G00101,菇類,木耳,38,89.9,0.9,0.1,8.8,7.4
G00201,菇類,冷凍木耳,51,86.5,0.9,0.1,12.4,12.3
G003,菇類,乾木耳平均值,333,7.3,13.8,0.7,74.7,57.7
G00301,菇類,乾木耳(紅耳仔),329,12.2,6.1,0.2,79.8,77.2
G00302,菇類,乾木耳(黑耳仔),338,2.4,21.4,1.2,69.6,38.1
G00401,菇類,銀耳,22,94,0.5,0.2,4.8,5.1
G00402,菇類,雪珍耳,45,87.9,1.2,0.1,10.6,7.2
G00501,菇類,乾銀耳,313,12.8,10.1,1.1,71,67.7
G00601,菇類,銀耳罐頭,48,87.8,0.1,0.1,12,1.4
G00701,菇類,草菇,36,88.9,3.8,0.3,5.9,2.1
G00801,菇類,草菇罐頭,31,90.4,3.3,0.1,5.4,3.2
G00901,菇類,雞腿菇,36,89.3,2.1,0.1,7.5,2.1
G01001,菇類,雞腿菇,298,10.6,20.1,1.4,59.8,20.4
G01101,菇類,松茸,36,89.8,3.1,0.5,5.9,1.4
G01201,菇類,白精靈菇,36,90,2.1,0.4,6.9,2.5
G01301,菇類,柳松菇,36,89.2,3.7,0.3,6,1.5
G01401,菇類,乾柳松菇,286,14,23.5,1.9,53.5,27.3
G015,菇類,香菇平均值,39,88.6,3,0.1,7.6,3.8
G01501,菇類,香菇(大),37,89,3,0.2,7.1,3.5
G01502,菇類,香菇(小),26,92.1,2.4,0.1,4.9,2.5
G01503,菇類,花菇,52,84.7,3.6,0.1,10.7,5.4
G016,菇類,乾香菇平均值,321,8.2,20.9,1.6,64.9,37.1
G01601,菇類,乾香菇,333,4,23.3,1.4,66.6,38.5
G01602,菇類,乾花菇,317,10.3,17,1.1,67.4,33.5
G01603,菇類,乾白花菇,310,11.1,18.7,1.1,64.5,40.4
G01604,菇類,乾鈕釦菇,325,7.3,24.6,2.7,60.9,36.1
G01701,菇類,醃漬香菇,50,84.2,3,0.1,10.6,4.5
G01801,菇類,姬松茸,40,87.8,4,0.4,6.9,2.3
G01901,菇類,乾姬松茸,294,10.3,34,2.7,46.7,18.5
G02001,菇類,酒杯菇,50,85.3,4.6,0.3,9,4
G02101,菇類,秀珍菇,28,91.3,3.3,0.1,4.6,1.3
G02102,菇類,天喜菇,26,91.6,4.5,0.5,2.5,2.2
G02103,菇類,白蠔菇,33,90.5,2.2,0.3,6.4,3.1
G02104,菇類,玫瑰菇,35,88.8,4.5,0.1,5.6,4.5
G02201,菇類,秀珍菇罐頭,27,92.4,1.7,0.5,4.7,5.6
G02301,菇類,杏香菇,26,92,2.7,0.1,4.6,1.4
G024,菇類,杏鮑菇平均值,41,88.1,2.7,0.2,8.3,3.1
G02401,菇類,杏鮑菇(大),37,89.4,2.4,0.1,7.5,3.7
G02402,菇類,杏鮑菇(中),40,88.4,2.5,0.2,8.2,2.9
G02403,菇類,杏鮑菇(小),47,86.6,3.2,0.3,9.2,2.8
G02501,菇類,珊瑚菇,33,89.7,4,0.2,5.2,1.7
G026,菇類,鮑魚菇平均值,24,92.9,1.9,0.2,4.4,1.9
G02601,菇類,蠔菇,26,92.2,2.1,0.3,4.8,3.1
G02602,菇類,鮑魚菇,22,93.5,1.7,0.2,4,0.7
G02701,菇類,金針菇,37,89.1,2.6,0.3,7.2,2.3
G02801,菇類,華翠菇,29,91.5,2.5,0.2,5.1,2.2
G02901,菇類,金針菇罐頭,24,92.9,1.7,0.2,4.5,3.8
G03001,菇類,滑菇,27,91.9,2.6,0.2,4.7,1.4
G03101,菇類,舞菇,28,92.2,1.4,0.1,5.8,0.3
G03201,菇類,鴻喜菇,30,90.8,2.9,0.1,5.3,2.2
G03301,菇類,美白菇,27,91.8,2.4,0.3,4.8,1.5
G03401,菇類,洋菇,25,92.1,3,0.2,3.8,1.3
G03501,菇類,冷凍洋菇,39,90.1,3.8,1.5,4.3,3.9
G03601,菇類,洋菇罐頭,27,89.4,2.9,0.3,4.3,3.3
G03701,菇類,白茯苓,316,18.8,1,0.2,79.9,80.9
G03801,菇類,猴頭菇,31,91,2.1,0.3,5.9,2.3
G03901,菇類,乾猴頭菇,311,12.7,12.3,3.4,64.3,36.5
G04001,菇類,猴頭菇罐頭,29,91.9,1,0.1,6.5,1.7
G04101,菇類,乾竹笙,312,10.3,17.5,2,64.1,32.9
G04201,菇類,松茸白菇,38,88.5,5.1,0.5,5.3,3.1
G04301,菇類,金喜菇,39,88.5,2.7,0.2,7.7,2.5
G04401,菇類,喜來菇,37,89,3.5,0.4,6.3,2.2
G04501,菇類,富珍茸,37,89.1,3,0.4,6.8,2.4
H001,豆類,白鳳豆平均值,337,12.7,23.8,2.1,58.2,19.6
H00101,豆類,白鳳豆(台灣),348,10.5,27.4,2.8,56.4,22.7
H00102,豆類,白鳳豆(進口),325,14.9,20.1,1.3,60,16.5
H00201,豆類,米豆,349,10.5,21.7,2.4,62.2,15.7
H00301,豆類,花豆,328,14.7,21.2,1.7,59,19.3
H00401,豆類,花豆罐頭(糖漬),203,48.2,7.6,0,43.5,6.5
H00501,豆類,紅豆,328,13.9,20.9,0.6,61.5,18.5
H00601,豆類,紅豆罐頭(糖漬),232,41.5,8,0.3,49.5,5.5
H00701,豆類,紅雲豆(大紅豆),328,14.6,20.2,1.4,60.4,20.5
H008,豆類,黑豆平均值,319,22,28.8,8.2,37,22.4
H00801,豆類,青仁黑豆,385,10.6,37,14.2,33.7,21.5
H00802,豆類,黃仁黑豆,253,33.5,20.6,2.1,40.3,23.3
H00901,豆類,黑豆胚芽,174,59.8,19.2,7.1,11.8,13.5
H01001,豆類,黑豆粉,431,3,36,17.6,39,16.9
H01101,豆類,烘烤黑豆,435,3.4,39,20.1,32.4,27.1
H01201,豆類,毛綠豆,346,9.9,22.1,1.2,63.6,16.3
H01202,豆類,綠豆,344,10.1,22.8,1.1,63,15.8
H01301,豆類,綠豆仁,339,11.4,24.6,1.3,59.6,11.2
H01401,豆類,綠豆粉,344,10.8,21.7,1.5,62.9,12.4
H01501,豆類,高纖胚芽冬粉,370,9.1,0.6,0.2,90,4
H01502,豆類,冬粉,349,12.1,0.1,0.1,87.5,1.4
H01503,豆類,寬粉,347,12.3,0.1,0.1,86.9,1
H01601,豆類,豇豆(莢),35,90.8,2.4,0.1,6.2,2.3
H01701,豆類,萊豆仁,112,70.1,7.8,0.4,20.1,5.1
H01801,豆類,粉豆莢,27,92.8,1.7,0.1,5,1.9
H01802,豆類,敏豆莢,30,92.2,1.7,0.2,5.3,2
H01901,豆類,冷凍菜豆(莢),57,84.8,3.4,0.1,10.8,2.5
H020,豆類,毛豆平均值,125,68.2,13.8,2.5,13.7,8.7
H02001,豆類,毛豆仁,129,67.9,14.6,3.3,12.5,6.4
H02002,豆類,帶莢毛豆,120,68.6,12.9,1.7,15,11
H02101,豆類,冷凍毛豆仁,135,69.8,12.5,6.1,9.8,6.5
H02201,豆類,黃豆,389,11.3,35.6,15.7,32.9,14.5
H02301,豆類,黃豆胚芽,180,58.4,16.8,7,15.7,14.4
H02401,豆類,黃豆粉,401,9.3,37.4,16.7,32.2,13.1
H02501,豆類,豌豆仁,123,67.8,9.2,0.3,21.7,7.5
H026,豆類,豌豆莢平均值,45,88.2,2.7,0.1,8.5,2.7
H02601,豆類,豌豆莢,41,89.2,2.9,0.2,7.1,3.2
H02602,豆類,高山大豌豆莢,49,87.2,2.4,0,9.9,2.3
H02701,豆類,甜豌豆莢,42,88.8,3,0.2,7.4,2.7
H02801,豆類,冷凍豌豆仁,96,75.4,6.1,0.6,17.1,8
H02802,豆類,豌豆仁罐頭,123,68.9,7.2,0.9,22.1,5.7
H02901,豆類,鵲豆莢,31,91.6,2.4,0.3,5.1,3.4
H03001,豆類,鹽酥蠶豆,456,2.7,26.9,20.9,46.3,23.1
H03101,豆類,紅扁豆仁,343,12.4,25.3,2.1,58.3,16.9
I001,肉類,牛小排平均值,325,57.7,15.1,28.9,0,0
I00101,肉類,去骨牛小排,290,63.2,17.1,24,0,0
I00102,肉類,帶骨牛小排,360,52.2,13.1,33.7,0.4,0
I00201,肉類,牛肋條,225,63.3,18.6,16.1,1.1,0
I00301,肉類,沙朗牛排,162,68.8,20.4,8.3,1.5,0
I00401,肉類,板腱 ,166,70,19.8,9,0.2,0
I00501,肉類,牛去骨肩胛小排,233,63.1,16.9,17.9,1.2,0
I00601,肉類,牛前胸肉,331,55.7,14.8,29.6,0,0
I00701,肉類,牛修清前胸肉,120,72.9,22.3,2.8,0.9,0
I00801,肉類,去骨紐約克牛排,189,69.4,21.3,10.8,0,0
I00901,肉類,腓力牛排,184,67.5,20.6,10.7,0.1,0
I01001,肉類,牛後腿肉,122,71.5,19.4,4.3,3.7,0
I01101,肉類,牛後腿股肉,153,70.4,20.6,7.2,0.8,0
I01201,肉類,牛後腿腱子心,139,73.8,19.8,6,0,0
I013,肉類,牛肉火鍋片平均值,250,61.3,19.1,18.7,0,0
I01301,肉類,牛五花肉火鍋片,430,44,15.7,40.3,0,0
I01302,肉類,牛紐約客火鍋片,263,61.2,20.1,19.6,0,0
I01303,肉類,牛梅花肉火鍋片,120,74,20.3,3.7,0.9,0
I01304,肉類,牛嫩肩里肌火鍋片,188,65.9,20,11.4,1.8,0
I014,肉類,牛肚平均值,73,84.4,13.9,1.5,0,0
I01401,肉類,牛肚(瘤胃),44,90.9,7.5,1.4,0,0
I01402,肉類,牛肚切片(瘤胃),67,84,15.3,0.2,0.3,0
I01403,肉類,牛肚(蜂巢胃),107,78.5,19,2.8,0,0
I01501,肉類,牛筋,157,67.3,21.7,7.2,3.3,0
I01601,肉類,滷牛筋,119,72,21.1,2.8,2.6,0
I01701,肉類,山羊帶皮羊肉塊,164,66.8,20.3,8.6,3.4,0
I01801,肉類,山羊前腿肉片,123,75.3,21.3,3.5,0,0
I01901,肉類,山羊後腿肉火鍋片,170,70.2,18.9,9.9,0.1,0
I02001,肉類,綿羊肉切片,198,67.8,18.8,13,0,0
I02101,肉類,法式羊排,260,60.6,18.8,20,0,0
I02201,肉類,去骨肩頸眼羊肉,198,70.6,17.8,13.5,0,0
I02301,肉類,小羊腰脊肉,143,75.2,26.5,3.3,0,0
I02401,肉類,綿羊腹脅肉火鍋片,252,59.7,16.9,20,2.5,0
I02501,肉類,豬下肩肉,200,67.8,18.1,13.6,0,0
I02502,肉類,豬下肩瘦肉,131,74.9,20.1,5,0,0
I02601,肉類,豬上肩肉,207,66.7,18.9,14,0,0
I02701,肉類,豬肩胛肉,295,60.1,16.5,24.8,0,0
I02801,肉類,豬肩胛排,191,69.3,17.9,12.7,0,0
I02901,肉類,豬前腿外腱肉,146,73.6,20.7,6.5,0,0
I03001,肉類,豬後腿外腱肉,176,67.8,19,10.5,1.7,0
I03101,肉類,豬後腿肉,123,74.2,20.4,4,0.4,0
I03102,肉類,豬後腿瘦肉,111,74.2,21.1,2.3,1.3,0
I03201,肉類,豬大里肌,212,65.3,19.2,14.4,0,0
I03301,肉類,豬大排,214,65.8,19.1,14.7,0,0
I03401,肉類,豬小排,287,57.7,18,23.3,0,0
I03501,肉類,僧帽肌,209,67.3,20.4,13.5,0,0
I03601,肉類,豬小里肌,139,72.8,21.1,5.4,0,0
I03701,肉類,豬去皮腹?肉,360,51,14.9,32.9,0.5,0
I03801,肉類,豬帶皮腹?肉,368,51.9,14.5,33.9,0,0
I03901,肉類,豬腹?排,267,63.6,18.7,20.7,0,0
I04001,肉類,豬肝連,199,68.6,14.6,15.1,0.9,0
I04101,肉類,豬頰肉,182,68.3,17.5,11.9,1.4,0
I04201,肉類,豬頸肉,284,57.9,17.2,23.3,0.8,0
I043,肉類,豬絞肉平均值,212,67.3,18.7,14.6,0,0
I04301,肉類,豬絞肉(70％瘦肉率),218,65.4,19,15.2,0,0
I04302,肉類,豬絞肉(90％瘦肉率),205,69.2,18.5,14,0,0
I04401,肉類,豬心,128,76.8,13.6,7.8,1,0
I04501,肉類,豬白管,93,84.2,14.1,3.6,0,0
I04601,肉類,豬皮,491,35.5,22.1,44,0,0
I04701,肉類,豬耳,233,61.5,24.2,14.4,0,0
I04801,肉類,豬舌,185,69.1,18.5,11.8,0,0
I04901,肉類,豬血,29,92.4,6.3,0.3,0.5,0
I05001,肉類,豬尾,295,51.1,16.2,25,7.1,0
I05101,肉類,豬肝,126,70.7,20.8,4.1,2.9,0
I05201,肉類,醃燻豬肝,166,61.1,26.8,4.7,4.2,0
I05202,肉類,膽肝,250,40.3,31.2,7.9,13.9,0
I05301,肉類,豬肚,152,76.3,12.4,11,0,0
I05401,肉類,熟豬肚,137,73.3,16,7.5,2.7,0
I05501,肉類,豬空腸,194,66,10,16.8,6.3,0
I056,肉類,豬骨湯平均值,8,98.5,0.9,0.4,0,0
I05601,肉類,豬大骨湯,7,98.2,1,0.3,0.4,0
I05602,肉類,豬肋骨湯,9,99.2,0.7,0.6,0,0
I05603,肉類,豬肩骨湯,8,98.2,1.1,0.3,0.2,0
I05701,肉類,豬腎,82,80.4,15,1.9,1.7,0
I05801,肉類,豬脾臟,79,80.1,15,1.6,2,0
I05901,肉類,豬大腸,198,72.2,6.6,18.9,1.9,0
I06001,肉類,豬小腸,156,75,12.5,11.4,0.6,0
I06101,肉類,豬粉腸,177,62.4,11.8,14,11,0
I062,肉類,豬腳平均值,252,64,20.7,18.2,0,0
I06201,肉類,豬前腳,252,61.1,21.9,17.6,0,0
I06202,肉類,豬後腳,253,66.9,19.5,18.8,0,0
I06301,肉類,豬蹄膀,331,54.5,17.1,28.6,0,0
I06401,肉類,滷豬腳,236,58.6,28.4,15.4,0,0
I06501,肉類,豬腳筋,72,86.1,14.4,1.1,0,0
I06601,肉類,豬腦,125,79.2,10.8,8.7,0,0
I067,肉類,全雞平均值,216,66.6,17.7,15.6,0,0
I06701,肉類,土雞,188,69.4,19,11.9,0,0
I06702,肉類,肉雞,248,65,16.1,19.9,0,0
I06703,肉類,烏骨雞,213,65.4,17.9,15.1,0.8,0
I06801,肉類,烤雞,232,58.2,22.8,14.2,3.6,0
I069,肉類,里肌肉平均值,109,75.5,24.2,0.6,0,0
I06901,肉類,里肌肉(土雞),112,75.1,24.8,0.6,0,0
I06902,肉類,里肌肉(肉雞),106,76,23.7,0.6,0,0
I070,肉類,去皮清肉平均值,119,74.1,23.3,2.1,0,0
I07001,肉類,去皮清肉(土雞),121,75.3,23.4,2.3,0,0
I07002,肉類,去皮清肉(肉雞),117,73,23.3,1.9,0.6,0
I07101,肉類,去皮雞胸肉(肉雞),104,77,22.4,0.9,0,0
I07201,肉類,帶皮雞胸肉(肉雞),219,68.4,19.3,15.1,0,0
I073,肉類,骨腿平均值,172,71.6,18,10.5,0,0
I07301,肉類,骨腿(土雞),130,74.8,21.7,4.1,0,0
I07302,肉類,骨腿(肉雞),214,68.3,14.4,16.9,0,0
I074,肉類,清腿平均值,157,72.9,18.5,8.7,0,0
I07401,肉類,清腿(土雞),142,74.4,20.4,6.1,0,0
I07402,肉類,清腿(肉雞),173,71.4,16.6,11.3,0,0
I075,肉類,棒棒腿平均值,150,73,18.9,7.7,0,0
I07501,肉類,棒棒腿(土雞),143,73.7,21,5.9,0,0
I07502,肉類,棒棒腿(肉雞),157,72.4,16.8,9.4,0.6,0
I076,肉類,雞排平均值,183,71,17.1,12.2,0,0
I07601,肉類,雞排(土雞),158,72.6,18.9,8.6,0,0
I07602,肉類,雞排(肉雞),208,69.4,15.3,15.8,0,0
I077,肉類,二節翅平均值,229,66.1,18.1,16.8,0,0
I07701,肉類,二節翅(土雞),228,66.8,19.8,15.9,0,0
I07702,肉類,二節翅(肉雞),230,65.4,16.4,17.7,0,0
I078,肉類,三節翅平均值,210,67.8,18.3,14.6,0,0
I07801,肉類,三節翅(土雞),198,69.2,19,13,0,0
I07802,肉類,三節翅(肉雞),222,66.4,17.7,16.3,0,0
I07901,肉類,翅腿(肉雞),210,65.8,17.8,14.8,1,0
I08001,肉類,雞絞肉,131,71.3,27.4,1.6,0,0
I08101,肉類,雞心(肉雞),190,71,13.3,14.8,0.1,0
I08201,肉類,雞尾椎,505,41.1,7.6,52.4,0,0
I08301,肉類,雞肝(肉雞),111,73.9,18.8,3.5,2.7,0
I08401,肉類,雞胗(肉雞),89,80.4,16.6,2,0.3,0
I08501,肉類,冷凍烤雞翅,216,59.9,18.8,14.2,3.6,0
I08601,肉類,雞胸骨湯,9,97.9,1.5,0.3,0.2,0
I08701,肉類,雞睪丸,71,85.2,10.6,2.8,0.2,0
I08801,肉類,雞腳(肉雞),216,64.2,20.7,14.1,0.4,0
I08901,肉類,膝軟骨(肉雞),107,75.5,20.4,2.2,0.5,0
I090,肉類,全鴨平均值,272,61.4,17.1,22,0,0
I09001,肉類,太空鴨,319,57.3,16,27.8,0,0
I09002,肉類,番鴨,224,65.5,18.2,16.2,0,0
I091,肉類,全鴨平均值(去皮),106,77.1,20.5,2.1,0,0
I09101,肉類,太空鴨(去皮),102,78.6,20.1,1.8,0,0
I09102,肉類,土番鴨,111,75.6,20.9,2.4,0,0
I09201,肉類,櫻桃鴨胸肉片,227,60.4,16.7,17.2,4.7,0
I09301,肉類,鴨腿,282,57.1,14.4,24.5,3.4,0
I09401,肉類,鴨血,29,93.7,6,0.3,0,0
I09501,肉類,鴨胗,97,77.2,20.5,1.1,0.3,0
I09601,肉類,鴨腸,94,82.8,13.8,3.9,0,0
I09701,肉類,鴨賞,302,38.9,31.1,17.6,5.3,0
I09801,肉類,鵝肉,187,66.8,15.6,13.4,2.4,0
I09901,肉類,茶鵝,349,51.5,15.6,32.5,0,0
I10001,肉類,鵝胸肉,120,73,23.5,2.2,0.2,0
I10101,肉類,鵝腿肉,130,75.6,21.7,4.2,0,0
I10201,肉類,熟鵝腿肉,292,56.7,18.5,23.6,0,0
I10301,肉類,鵝心,241,64.7,14.5,19.9,0,0
I10401,肉類,鵝肝,123,73.5,20.5,3.9,0.6,0
I10501,肉類,鵝胗,95,76.6,17.4,2.3,2.8,0
I10601,肉類,鵝腸,63,87,9.2,2.6,0.7,0
I10701,肉類,火雞肉,141,72.3,21.1,5.6,0,0
I10801,肉類,鴕鳥菲力肉排,105,74.4,22.8,0.8,0.8,0
I10901,肉類,鴕鳥沙朗肉排,97,70.9,20.9,0.8,6.1,0
I11001,肉類,鴕腱肉,107,77,18.7,3.1,0.2,0
I11101,肉類,鴕腩肉,144,71.3,21.2,5.9,0.7,0
I11201,肉類,虎皮蛙,94,76.8,21.1,0.4,0.6,0
I11301,肉類,蛇肉,85,79.5,19,0.4,0,0
I11401,肉類,雉雞,124,74,24,2.4,0,0
J00101,魚貝類,豆腐鯊切片,98,80.5,22.8,0.1,0,0
J00201,魚貝類,丫髻鮫,117,73.6,27.4,0.1,0,0
J00202,魚貝類,丫髻鮫腹肉,110,77.6,25.8,0,0,0
J00301,魚貝類,鯊魚切片,106,75,24.8,0,0,0
J00401,魚貝類,青帶圓吻燕魟,106,76.2,24.8,0.1,0,0
J00501,魚貝類,日本鰻鱺魚片(生),254,65.2,18.1,19.6,0,0
J00601,魚貝類,日本鰻鱺魚片(蒲燒),276,53.4,25,18.7,0.9,0
J00701,魚貝類,海鰻,97,77.7,20.5,1,0,0
J00801,魚貝類,?仔魚,56,86,11.1,0.9,0,0
J009,魚貝類,?仔魚平均值(加工),124,64.6,26.2,1.3,1,0
J00901,魚貝類,"?仔魚(加工,大)",97,74.2,20.7,1,1.1,0
J00902,魚貝類,"?仔魚(加工,小)",151,55,31.8,1.7,0.9,0
J01001,魚貝類,日本銀帶鯡,101,73.7,21,1.3,0,0
J01101,魚貝類,日本銀帶鯡(加工),111,70.4,21.5,2.1,1.2,0
J01102,魚貝類,日本銀帶鯡魚干(丁香魚脯),273,30.1,51.8,5.8,1.9,0
J01201,魚貝類,鹽醃脂眼鯡(鹹馧仔),228,60.7,17.4,17,0.3,0
J013,魚貝類,虱目魚平均值(去皮),179,67.4,21.8,9.5,0.2,0
J01301,魚貝類,虱目魚(2月),180,67.3,19.8,10.6,1.3,0
J01302,魚貝類,虱目魚(5月),189,66.6,22.3,10.4,0,0
J01303,魚貝類,虱目魚(8月),124,72.1,23.7,2.6,0.5,0
J01304,魚貝類,虱目魚(9月),208,64.9,22,12.7,0,0
J01305,魚貝類,虱目魚(12月),192,66.2,21.4,11.2,0.1,0
J01401,魚貝類,虱目魚(含皮),200,66,21.8,11.9,0,0
J01501,魚貝類,虱目魚腹肉(虱目魚肚),342,56.3,17.4,29.6,0,0
J01601,魚貝類,草魚切片,166,67.2,21.4,8.3,2.1,0
J01701,魚貝類,草魚(含皮),91,78.8,17.2,2,0.8,0
J01801,魚貝類,鯉,91,79.1,14.5,3.2,2.1,0
J01901,魚貝類,?,145,74.2,18.7,7.2,0,0
J02001,魚貝類,鬍子鯰,194,68.9,16.3,13.8,0,0
J02101,魚貝類,斑海鯰,86,79.6,19.2,0.5,0,0
J02201,魚貝類,長體油胡瓜魚,104,79.8,15,4.4,0,0
J02301,魚貝類,香魚,147,75,18.5,7.5,0,0
J02401,魚貝類,陳氏新銀魚,69,82.7,14.3,0.9,0.9,0
J025,魚貝類,大西洋鮭魚平均值(去皮),221,66.1,20.2,14.9,0,0
J02501,魚貝類,大西洋鮭魚(台灣養殖),155,71.9,23.6,6,0,0
J02502,魚貝類,大西洋鮭魚切片(中段),174,70,20.7,9.5,0,0
J02503,魚貝類,大西洋鮭魚切片(尾段),204,67.7,20.7,12.8,0,0
J02504,魚貝類,大西洋鮭魚生魚片,222,67.3,19.6,15.3,0,0
J02505,魚貝類,大西洋鮭魚腹肉,349,53.5,16.4,31,0,0
J02601,魚貝類,紅大麻哈魚切片,158,69.6,24.3,6,0,0
J02701,魚貝類,麥奇鉤吻鱒(去皮),160,71.1,20.9,7.8,0,0
J02801,魚貝類,麥奇鉤吻鱒(含皮),147,71.3,20.1,6.8,0.4,0
J02901,魚貝類,白肉鮭魚切片,151,69.7,22.6,6.1,0.3,0
J03001,魚貝類,仙女魚,104,76.7,24.1,0.2,0,0
J03101,魚貝類,印度鐮齒魚,49,87.8,10.4,0.5,0.4,0
J03201,魚貝類,多齒蛇鯔,103,76.1,20.8,1.6,0.1,0
J03301,魚貝類,??,68,83,14.9,0.5,0.6,0
J034,魚貝類,鯔平均值(去皮),152,70.9,20.6,7.1,0.3,0
J03401,魚貝類,鯔(2月),137,71.4,20.4,5.5,1.6,0
J03402,魚貝類,鯔(4月),133,72.6,20.4,5,0.9,0
J03403,魚貝類,鯔(8月),224,65.4,17.3,16.7,0,0
J03404,魚貝類,"鯔(11月,雄魚)",129,73.8,21.3,4.2,0,0
J03405,魚貝類,"鯔(11月,雌魚)",141,72.9,21.5,5.5,0,0
J03406,魚貝類,"鯔(12月,雄魚)",137,71.6,21.1,5.2,0.9,0
J03407,魚貝類,"鯔(12月,雌魚)",149,70.5,21.8,6.2,0.2,0
J03408,魚貝類,鯔切片,170,69.2,21.2,8.8,0,0
J03501,魚貝類,鯔(含皮),155,71.6,20.6,7.4,0,0
J03601,魚貝類,斑鰭飛魚,94,76.5,22,0.1,0.2,0
J03701,魚貝類,斑鱵,91,77.7,20.6,0.3,0.3,0
J03801,魚貝類,鱷形叉尾鶴鱵,98,75.8,22.4,0.3,0.1,0
J03901,魚貝類,秋刀魚,314,54.3,18.8,25.9,0,0
J04001,魚貝類,金鱗魚,85,78,19.5,0.1,1.3,0
J04101,魚貝類,馬鞭魚,84,81.3,18.5,0.5,0,0
J04201,魚貝類,黃鱔,88,78.7,17.6,1.4,1,0
J04301,魚貝類,石狗公,80,81.1,18.3,0.2,0,0
J04401,魚貝類,龍鬚簑?,79,80.8,18.4,0.1,0,0
J04501,魚貝類,深海角魚,80,81,17.7,0.5,0,0
J04601,魚貝類,尖嘴鱸(去皮),98,76.9,20.6,1.2,0.1,0
J04701,魚貝類,尖嘴鱸(含皮),107,77.6,19.6,2.6,0,0
J04801,魚貝類,紅眼鱸 ,93,77.7,20.6,0.6,0,0
J049,魚貝類,日本真鱸平均值(去皮),98,76.7,19.9,1.5,0.9,0
J04901,魚貝類,日本真鱸(2月),95,75.8,20.1,1,1.9,0
J04902,魚貝類,日本真鱸(3月),100,76.8,20,1.6,0.5,0
J04903,魚貝類,日本真鱸(8月),95,76.9,19,1.6,1.5,0
J04904,魚貝類,日本真鱸(11月),99,77,20.5,1.3,0.1,0
J04905,魚貝類,日本真鱸(12月),101,76.9,19.6,1.9,0.4,0
J05001,魚貝類,日本真鱸(含皮),125,75.8,19.2,4.8,0,0
J05101,魚貝類,白鱸,76,79.8,17.7,0.1,1,0
J05201,魚貝類,條紋鱸,147,73.6,21.4,6.2,0,0
J05301,魚貝類,鱖,89,80.3,17.7,1.5,0,0
J05401,魚貝類,白緣星鱠,101,78.2,19.9,1.8,0,0
J055,魚貝類,青星九刺鮨平均值,94,78,20.9,0.5,0,0
J05501,魚貝類,青星九刺鮨,83,78.8,19.3,0.1,0.5,0
J05502,魚貝類,青星九刺鮨魚片,104,77.1,22.6,0.8,0,0
J05601,魚貝類,斑點九刺鮨(去皮),82,78.9,18.8,0.2,0.9,0
J05701,魚貝類,斑點九刺鮨(含皮),84,79.8,19.4,0.1,0,0
J05801,魚貝類,棕點石斑魚,115,76.9,19.1,3.7,0,0
J05901,魚貝類,鞍帶石斑魚切片,155,71.4,19.1,8.2,0.2,0
J06001,魚貝類,駝背鱸,83,80.1,18.1,0.6,0,0
J06101,魚貝類,橫紋九刺鮨,85,80.1,19.3,0.3,0,0
J06201,魚貝類,擬青石斑魚,90,79.6,20.2,0.5,0,0
J06301,魚貝類,大口黑鱸,130,75.4,20.7,4.6,0,0
J06401,魚貝類,大眼鯛,97,79.3,19.6,1.5,0,0
J06501,魚貝類,沙?,90,78.2,18.6,1.2,0.6,0
J06601,魚貝類,日本馬頭魚,85,79.6,18.7,0.6,0,0
J06701,魚貝類,白馬頭魚,91,78.4,19.2,1,0.1,0
J06801,魚貝類,鬼頭刀切片,78,81.3,17.2,0.5,0,0
J06901,魚貝類,鬼頭刀,107,76,21.8,1.5,0,0
J07001,魚貝類,海鱺,106,77.4,20.4,2.1,0,0
J07002,魚貝類,海鱺切片,260,61.2,19.3,19.7,0,0
J07101,魚貝類,大口逆溝?,103,75.5,21.8,1.1,0.1,0
J07201,魚貝類,大甲?,105,74.8,21.2,1.6,0.4,0
J07301,魚貝類,大尾?,108,73.4,20.9,2.1,2.1,0
J07401,魚貝類,五條鰤,97,76.2,22.3,0.2,0.1,0
J07501,魚貝類,布氏鯧?(去皮),192,67.2,20.3,11.7,0,0
J07601,魚貝類,布氏鯧?(含皮),190,69.6,17.5,12.8,0,0
J07701,魚貝類,紅甘?,133,72.1,21.5,4.6,0.4,0
J07801,魚貝類,紅尾圓?,119,73.5,23.9,1.9,0,0
J07901,魚貝類,泰勃圓?,113,72.8,22.8,1.7,1.4,0
J08001,魚貝類,烏鯧,92,78,20.4,0.5,0,0
J08101,魚貝類,真?,116,74.5,23,2,0,0
J08201,魚貝類,藍圓?,114,73.3,24,1.3,0,0
J08301,魚貝類,雙帶?,118,74.4,22.6,2.4,0,0
J08401,魚貝類,眼眶魚,113,75.5,20.3,2.9,0.2,0
J08501,魚貝類,大鱗烏魴,97,76,22.4,0.1,0,0
J08601,魚貝類,孟加拉笛鯛,87,78.7,19.8,0.3,0,0
J08701,魚貝類,前鱗笛鯛,101,74.9,22,0.8,0.9,0
J08801,魚貝類,姬鯛,91,77,21.1,0.1,0.5,0
J08901,魚貝類,單斑笛鯛,106,76.8,20.7,1.9,0,0
J09001,魚貝類,黃擬烏尾?,80,79.6,18.7,0.1,0.3,0
J09101,魚貝類,葉唇笛鯛,118,77.1,19.9,3.7,0,0
J09201,魚貝類,摩拉吧笛鯛,87,79,20.3,0.1,0,0
J09301,魚貝類,松鯛,98,78.2,18.2,2.3,0.1,0
J09401,魚貝類,三線雞魚,130,73.7,19,5.4,0.6,0
J09501,魚貝類,少棘石鱸,94,78.4,19.5,1.2,0,0
J09601,魚貝類,星雞魚,99,76.7,20.6,1.2,0.4,0
J09701,魚貝類,金線魚,119,76.3,20.9,3.3,0,0
J09801,魚貝類,青嘴龍占,128,73.3,22.7,3.4,0,0
J09901,魚貝類,網紋龍占,101,77,21.7,0.9,0,0
J10001,魚貝類,赤?,124,75.1,18.9,4.8,0,0
J10101,魚貝類,黃錫鯛,175,71.7,31.8,4.4,0,0
J10201,魚貝類,黃鰭鯛,136,73,19.2,6,0.6,0
J10301,魚貝類,黑鯛(去皮),136,72.4,20.3,5.5,0.6,0
J10401,魚貝類,黑鯛(含皮),163,70.7,19.5,8.8,0,0
J105,魚貝類,嘉?魚平均值(去皮),110,75.5,20.6,2.5,0.2,0
J10501,魚貝類,嘉?魚(1月),100,76.3,20.1,1.6,0.7,0
J10502,魚貝類,嘉?魚(3月),101,76,20.8,1.3,0.7,0
J10503,魚貝類,嘉?魚(5月),87,78.8,20,0.1,0,0
J10504,魚貝類,嘉?魚(8月),176,66.7,20.6,9.8,1.7,0
J10505,魚貝類,嘉?魚(9月),92,78.1,21.6,0,0,0
J10506,魚貝類,嘉?魚(11月),105,77.1,20.3,2,0,0
J10601,魚貝類,四指馬?,146,72.8,19,7.2,0,0
J10701,魚貝類,大黃魚,142,74.3,16.8,7.8,0.2,0
J10801,魚貝類,小黃魚(去皮),100,77.7,20,1.6,0,0
J10901,魚貝類,小黃魚(含皮),100,77.7,19.4,1.9,0,0
J11001,魚貝類,白姑魚,97,78.2,18.8,1.8,0,0
J11101,魚貝類,眼斑擬石首魚,95,77,19.7,1.2,0.9,0
J11201,魚貝類,黃姑魚,89,79.8,19.4,0.7,0,0
J11301,魚貝類,黑姑魚,149,71.4,17.9,8,1.2,0
J11401,魚貝類,鮸魚,104,76.7,23.3,0.5,0,0
J11501,魚貝類,鱗鰭叫姑魚,99,77.4,18.4,2.3,0.3,0
J11601,魚貝類,黑斑海緋鯉,97,79.1,18.8,1.8,0,0
J11701,魚貝類,斑點簾鯛,97,79,21.9,0.3,0,0
J11801,魚貝類,花身?,157,72,19.5,8.2,0,0
J11901,魚貝類,花尾鷹羽鯛,116,74.7,19.8,3.4,0.6,0
J12001,魚貝類,吳郭魚(去皮),113,76.3,20.4,2.9,0,0
J12101,魚貝類,吳郭魚(含皮),125,75,19.4,4.7,0,0
J12201,魚貝類,珍珠石斑,112,76.1,17.7,4.1,1.1,0
J12301,魚貝類,紅色吳郭魚,108,76.1,18.3,3.3,1.3,0
J12302,魚貝類,台灣鯛魚片(生),110,74.8,18.2,3.6,2.5,0
J12401,魚貝類,台灣鯛魚片(水煮),130,71.1,23.4,3.3,1.3,0
J12402,魚貝類,台灣鯛魚片(油煎),161,66.8,23.1,6.9,1.9,0
J12403,魚貝類,"台灣鯛魚片(烤,190℃,10分鐘)",111,74.4,19.7,3,1.8,0
J12404,魚貝類,"台灣鯛魚片(烤,190℃,20分鐘)",134,69.8,23,4,2.1,0
J12405,魚貝類,"台灣鯛魚片(烤,230℃,10分鐘)",127,72.1,21.3,4,1.5,0
J12406,魚貝類,"台灣鯛魚片(烤,230℃,20分鐘)",142,67.4,24.6,4.1,2.5,0
J12407,魚貝類,台灣鯛魚片(清蒸),112,74.2,19.3,3.3,2.2,0
J12408,魚貝類,台灣鯛魚片(微波),140,68.6,24.9,3.7,1.4,0
J12501,魚貝類,台灣鯛魚湯(水煮),5,98.6,0.9,0.2,0,0
J12601,魚貝類,海水吳郭魚,112,77.3,19.5,3.2,0,0
J12701,魚貝類,薔薇虹彩鯛(去皮),96,79.9,17.3,2.4,0,0
J12801,魚貝類,薔薇虹彩鯛(含皮),93,78.6,17.9,1.8,0,0
J12901,魚貝類,藍豬齒魚,81,79.7,18.5,0.2,0.2,0
J13001,魚貝類,橫紋鸚哥魚(去皮),84,78.8,19.6,0,0.2,0
J13101,魚貝類,橫紋鸚哥魚(含皮),81,80.8,18.9,0,0,0
J13201,魚貝類,藍點鸚哥魚,86,77.9,20.1,0.1,0.6,0
J13301,魚貝類,金錢魚,196,66.7,19.3,12.6,0,0
J13401,魚貝類,褐籃子魚,164,69.4,19.9,8.8,0.6,0
J13501,魚貝類,杜氏刺尾鯛,137,72.9,19.1,6.2,0.6,0
J13601,魚貝類,後刺尾鯛,102,77.5,20.4,1.7,0,0
J13701,魚貝類,鋸尾鯛,93,78.1,19,1.4,0.3,0
J13801,魚貝類,大眼金梭魚,157,71.7,21.8,7.1,0,0
J13901,魚貝類,鱗網帶鰆切片,272,60.5,17.3,22,0,0
J14001,魚貝類,鱗網帶鰆(含皮),263,62.5,18,20.7,0,0
J14101,魚貝類,白帶魚,102,77.6,19.6,2,0,0
J14201,魚貝類,台灣馬加鰆,180,68.5,20.2,10.4,0,0
J14301,魚貝類,正鰹,149,70.8,23.1,5.6,0,0
J14401,魚貝類,花腹鯖,144,70.5,23.9,4.6,0,0
J14501,魚貝類,高麗馬加鰆,119,75,19.4,4,0.3,0
J14601,魚貝類,短鮪,103,74.5,23.9,0.1,0,0
J14701,魚貝類,鮪魚生魚片,100,76.1,23.3,0.1,0,0
J14801,魚貝類,鰆魚切片(去皮),193,70.2,18.7,12.5,0,0
J14901,魚貝類,鰆魚切片(含皮),176,67.7,19.3,10.4,1.5,0
J15001,魚貝類,鯖魚(生),417,45.2,14.4,39.4,0.2,0
J15101,魚貝類,鯖魚(炒),410,44.5,16.7,37.6,0.1,0
J15102,魚貝類,鯖魚(炸),555,28.3,17.2,53.4,0.1,0
J15103,魚貝類,"鯖魚(烤,150度,10分)",412,45.8,16.5,37.8,0,0
J15104,魚貝類,"鯖魚(烤,150度,20分)",396,45.7,19.1,34.8,0,0
J15105,魚貝類,"鯖魚(烤,150度,30分)",536,32.4,19.9,50,0,0
J15106,魚貝類,"鯖魚(烤,180度,10分)",373,47.3,20.2,31.8,0,0
J15107,魚貝類,"鯖魚(烤,210度,10分)",472,39,19,43.4,0,0
J15108,魚貝類,鯖魚(煮),375,49.3,14.9,34.5,0.4,0
J15109,魚貝類,鯖魚(煎),400,42.9,20,35.9,0,0
J15110,魚貝類,鯖魚(蒸),392,47.1,14.6,36.5,0.7,0
J15111,魚貝類,鯖魚(醃製),279,56.8,14.9,24,1.3,0
J15201,魚貝類,旗魚切片,111,71.8,26,0,0.8,0
J15202,魚貝類,旗魚腹肉,105,77,22.2,1.1,0,0
J15301,魚貝類,刺鯧(去皮),95,78.2,18.8,1.6,0.1,0
J15401,魚貝類,刺鯧(含皮),155,72.5,17.8,8.7,0,0
J15501,魚貝類,星斑真鯧,214,69,15.6,16.3,0,0
J156,魚貝類,銀鯧平均值(去皮),115,76.4,17.7,4.4,0.2,0
J15601,魚貝類,銀鯧(2月),123,76.8,17.9,5.1,0,0
J15602,魚貝類,銀鯧(3月),120,75.8,17.6,5,0.7,0
J15603,魚貝類,銀鯧(5月),105,78.7,16.4,3.9,0,0
J15604,魚貝類,銀鯧(8月),101,75.9,17.7,2.9,1.6,0
J15605,魚貝類,銀鯧(12月),126,74.9,19.1,5,0.2,0
J15701,魚貝類,銀鯧(含皮),132,75.2,16.8,6.7,0.2,0
J15801,魚貝類,鱧魚,119,76.3,18.3,4.5,0,0
J15901,魚貝類,大口鰜切片,190,70.2,13.2,14.8,0.8,0
J16001,魚貝類,大口鰜(含皮),166,74.1,14.7,11.5,0,0
J16101,魚貝類,鬚鰨,92,77.7,19.9,0.8,0.3,0
J16201,魚貝類,單角革單棘魨(去皮),79,81.9,17.2,0.6,0,0
J16301,魚貝類,單角革單棘魨(含皮),76,81.3,17.9,0,0,0
J16401,魚貝類,克氏兔頭魨,77,80.8,17.8,0.1,0,0
J16501,魚貝類,翻車魨肚肉,47,88.5,10.2,0.4,0.7,0
J16601,魚貝類,犬牙南極魚切片,282,63.7,12.1,25.5,0,0
J16701,魚貝類,低眼芒鯰魚片(芒加魚邊),76,83.4,14.2,1.7,0,0
J16801,魚貝類,鱈魚切片,197,69.1,13.1,15.6,1.2,0
J16901,魚貝類,紅肉蒜,97,77.5,21.1,0.7,0,0
J17001,魚貝類,翻車魨魚皮,59,93,13.7,0.1,0,0
J17101,魚貝類,鯛魚下巴,245,65.5,16.1,19.6,0,0
J17201,魚貝類,鯊魚皮,58,88.8,13.5,0.1,0,0
J17301,魚貝類,油魚卵(加工),445,26.5,46.6,27.3,0,0
J17401,魚貝類,圓鱈魚卵(加工),84,79.8,11.2,4.4,0,0
J17501,魚貝類,鮸魚卵(加工),184,61.6,21.9,10.1,3.6,0
J17601,魚貝類,鯔魚卵,256,53.1,26.3,15.9,3.2,0
J17602,魚貝類,鯔魚卵(加工),233,32.7,36.6,8.5,18.7,0
J17701,魚貝類,鰆魚卵,193,64.5,23.5,10.2,0.2,0
J17801,魚貝類,鰹魚卵,184,66.2,21.5,10.2,0.6,0
J17901,魚貝類,鱈魚肝(加工),534,33.2,6.5,55.4,3.4,0
J18001,魚貝類,??魚肝,136,74.8,13.6,8.6,1.9,0
J18101,魚貝類,旗魚肚,99,73.8,22.5,0.4,2.9,0
J18201,魚貝類,鮪魚肚,106,75.8,23.4,0.7,0,0
J18301,魚貝類,鱈魚肚,82,84.5,12.6,3.1,0,0
J18401,魚貝類,鯊魚翅,186,60.2,43.5,0,0,0
J18501,魚貝類,魚翅唇,47,91.2,9.9,0.6,0,0
J18601,魚貝類,鯔魚精囊,89,81.8,17.3,1.7,0,0
J18701,魚貝類,鱈魚精囊,37,86.6,7.8,0.4,3.9,0
J18801,魚貝類,圓鱈魚鰓肉,84,78.1,14.5,2.5,3.9,0
J18901,魚貝類,小魚干,335,16.1,69.2,4.4,0,0
J19001,魚貝類,扁魚干,354,18.4,66.3,7.9,1.1,0
J19101,魚貝類,香魚片,306,20,36.1,0.7,39.1,0
J19201,魚貝類,柴魚片,383,10.9,76.5,6.2,2.6,0
J19301,魚貝類,羅氏沼蝦,88,78.1,20.3,0.1,0.2,0
J19401,魚貝類,正櫻蝦(生),88,79.3,17.9,1.3,0,0
J19501,魚貝類,正櫻蝦(熟),97,76,19.6,1.4,0,0
J19601,魚貝類,北方長額蝦(加工),122,70.9,19.9,4.1,2.7,0
J19701,魚貝類,東方異腕蝦,78,82.3,17.7,0.3,0,0
J19801,魚貝類,胭脂蝦,114,77.2,13.8,6.1,0.7,0
J19901,魚貝類,日本玻璃蝦,83,76.3,16.2,1.5,2,0
J20001,魚貝類,相模後海螯蝦,79,81.6,17.9,0.3,0,0
J20101,魚貝類,中國對蝦,84,77.9,19.3,0.2,1,0
J202,魚貝類,日本對蝦平均值,97,75.7,21.3,0.7,0.4,0
J20201,魚貝類,日本對蝦(大),97,77,21.6,0.5,0,0
J20202,魚貝類,日本對蝦(小),96,74.5,20.9,0.8,1.8,0
J203,魚貝類,白對蝦平均值,103,76.1,21.9,1,0,0
J20301,魚貝類,白對蝦(大),109,74.8,22.3,1.5,0,0
J20302,魚貝類,白對蝦(小),96,77.4,21.4,0.5,0,0
J20401,魚貝類,哈氏彷對蝦,82,78.4,18.7,0.2,0.6,0
J20501,魚貝類,草對蝦,100,75.3,22,0.7,1,0
J20601,魚貝類,藍對蝦,95,77.2,20.9,0.6,0,0
J20701,魚貝類,鬚赤蝦,92,76,20.7,0.4,0.6,0
J20801,魚貝類,大管鞭蝦,88,77.4,19.8,0.3,0.6,0
J20901,魚貝類,隆脊管鞭蝦,96,75.3,22.1,0.2,0.6,0
J21001,魚貝類,螳螂蝦,67,84,14.7,0.5,0,0
J21101,魚貝類,日本龍蝦,93,75.7,21.5,0.1,1,0
J21201,魚貝類,櫻花蝦(加工),253,20.1,52.6,3.1,13.4,0
J21301,魚貝類,紅蟳,122,67.1,20.9,3.6,6.5,0
J21401,魚貝類,蛙形蟹,72,78.2,16.6,0.1,2.8,0
J21501,魚貝類,大頭蝦仁,40,89.2,8.8,0.2,0,0
J21601,魚貝類,明蝦仁,52,88,11.9,0.1,0,0
J21701,魚貝類,紅蝦仁,43,86.4,9.5,0.3,1.5,0
J21801,魚貝類,海鱸蝦仁,73,81,16.3,0.4,1.3,0
J21901,魚貝類,草蝦仁,44,88,9.7,0.3,0.9,0
J22001,魚貝類,鳳尾蝦仁,64,84.4,13.4,0.8,0.3,0
J22101,魚貝類,鬚赤蝦仁,80,81.4,17.1,0.7,0,0
J22201,魚貝類,龍蝦卵(調味),64,78.6,6.7,1.8,5.2,0
J22301,魚貝類,蟹腳肉,52,84.2,11.6,0.2,1.3,0
J22401,魚貝類,蝦皮,155,45.3,33.6,1.3,2.7,0
J22501,魚貝類,蝦米,264,28.7,57.1,2.2,0,0
J22502,魚貝類,金鉤蝦乾,257,33.9,54.6,2.6,0,0
J22601,魚貝類,竹蟶(冷凍),42,87.2,9,0.3,1.2,0
J227,魚貝類,真牡蠣平均值,54,83,9.4,1.6,4.2,0
J22701,魚貝類,真牡蠣,49,86.8,9,1.2,1.8,0
J22702,魚貝類,帶殼真牡蠣(生蠔),59,79.2,9.8,1.9,6.7,0
J22801,魚貝類,黑齒牡蠣,55,83.8,9.7,1.5,3.1,0
J22901,魚貝類,蝦夷海扇蛤,70,81.1,13.7,1.2,2.3,0
J23001,魚貝類,綠殼菜蛤,96,75.8,17.8,2.2,2.6,0
J23101,魚貝類,綠殼菜蛤干(淡菜),263,19.9,43.7,8.5,23.9,0
J23201,魚貝類,西施舌,53,83.2,8.9,1.6,5.4,0
J23301,魚貝類,台灣蜆,51,79.1,8.9,1.4,9.8,0
J23401,魚貝類,大文蛤,21,91,4.4,0.2,1.5,0
J23501,魚貝類,文蛤,37,87.3,7.6,0.5,2.7,0
J23601,魚貝類,波紋橫簾蛤 ,48,83.2,9.2,1,4.6,0
J23701,魚貝類,菲律賓簾蛤,37,85.8,7.5,0.5,4.1,0
J23801,魚貝類,環文蛤,46,84,8.7,1,3.7,0
J239,魚貝類,真烏賊平均值,57,82.7,12.2,0.6,3.7,0
J23901,魚貝類,真烏賊(大),61,83.6,13.9,0.3,0.8,0
J23902,魚貝類,真烏賊(小),53,81.7,10.5,0.9,6.6,0
J24001,魚貝類,章魚,61,84.6,13,0.6,0.9,0
J24101,魚貝類,阿根廷魷,71,84.8,12.4,2,0.4,0
J24201,魚貝類,泡魷魚,50,84.6,11.3,0.2,3,0
J24301,魚貝類,台灣鎖管,72,80.8,16,0.4,1.6,0
J24401,魚貝類,尖鎖管 ,100,74.3,20.2,1.5,2.4,0
J24501,魚貝類,軟翅仔,70,82.2,14.7,0.8,0.8,0
J24601,魚貝類,香螺 ,86,78.9,19.9,0.1,0,0
J24701,魚貝類,象牙鳳螺,78,77,16.9,0.7,3.6,0
J24801,魚貝類,泥螺,95,76.9,21.5,0.3,0.3,0
J24901,魚貝類,雪螺,40,90.3,8.9,0.3,0,0
J25001,魚貝類,九孔螺,73,76.2,15,1,5.8,0
J25101,魚貝類,鮑魚,69,73.1,15.8,0.1,9.5,0
J25201,魚貝類,蠑螺(加工),65,70.8,14.8,0.2,11,0
J25301,魚貝類,烏賊精囊,43,82.1,9.8,0.2,6.4,0
J25401,魚貝類,蝸牛肉,78,82.5,16.7,0.7,0,0
J25501,魚貝類,小卷干,246,33.8,53.2,2.1,4.7,0
J25601,魚貝類,干貝(冷凍),57,82.3,12.7,0.4,1.7,0
J257,魚貝類,干貝(乾)平均值,242,24.2,53.7,1.4,10.8,0
J25701,魚貝類,干貝(乾),256,16.5,58.5,0.7,15.5,0
J25702,魚貝類,小干貝(乾),228,31.9,48.9,2.2,6.1,0
J25801,魚貝類,牡蠣干,243,19.3,41,7.5,26.2,0
J25901,魚貝類,鹹小卷,98,64.5,20.1,1.3,1.9,0
J26001,魚貝類,白海參,32,92.7,7.4,0.1,0,0
J26101,魚貝類,仿刺參,36,90.4,8.2,0.1,0.8,0
J26201,魚貝類,南美刺參,52,89.8,12,0,0,0
J26301,魚貝類,紅海參,33,91.9,7.5,0.1,0,0
J26401,魚貝類,黑烏參,29,93.1,6.5,0.1,0,0
J26501,魚貝類,海蜇皮,19,70,4.4,0,2.2,0
K001,蛋類,雞蛋平均值,134,75.9,12.5,8.8,1.8,0
K00101,蛋類,雞蛋(白殼),137,75.7,12.6,9.1,1.6,0
K00102,蛋類,雞蛋(黃殼),132,76.1,12.5,8.6,2,0
K00201,蛋類,土雞蛋,129,76.5,12.9,8.1,1.7,0
K00301,蛋類,烏骨雞蛋,160,72.3,12.7,11.6,2.4,0
K00401,蛋類,雞蛋(高DHA),132,76.1,12.5,8.6,1.8,0
K00402,蛋類,雞蛋(高次亞麻油酸),139,74.5,12.4,9.4,2.8,0
K00403,蛋類,雞蛋(高亞麻油酸),133,76.9,13,8.4,0.8,0
K00404,蛋類,初卵雞蛋,136,76.3,12.3,9.2,1.4,0
K00405,蛋類,雞蛋(高維生素A&E),134,79.8,12.1,9,0,0
K00406,蛋類,雞蛋(高維生素E),143,75.3,12.8,9.7,1.4,0
K005,蛋類,雞蛋白平均值,50,87.6,11.2,0.1,0.5,0
K00501,蛋類,雞蛋白(白殼),48,88.7,10.7,0.1,0,0
K00502,蛋類,雞蛋白(黃殼),52,86.4,11.6,0.2,1.2,0
K00601,蛋類,烏骨雞蛋白,47,87.1,10.6,0,1.7,0
K007,蛋類,雞蛋黃平均值,308,52.8,15.2,26.8,3.6,0
K00701,蛋類,雞蛋黃(白殼),330,51.9,16,28.9,1.6,0
K00702,蛋類,雞蛋黃(黃殼),286,53.7,14.5,24.7,5.6,0
K00801,蛋類,烏骨雞蛋黃,344,50.8,15.5,30.6,1.4,0
K00901,蛋類,雞蛋黃(高維生素E),314,49.7,16.2,27,5.4,0
K01001,蛋類,雞水波蛋,147,75.9,11.6,10.7,0.8,0
K01101,蛋類,雞水煮蛋,144,74,14,9.2,1.7,0
K01201,蛋類,雞水煮蛋白,61,84,13.6,0.2,1.5,0
K01301,蛋類,雞水煮蛋黃,343,49.2,15.5,30.5,2.9,0
K014,蛋類,雞皮蛋平均值,127,74.7,12.5,8.1,3,0
K01401,蛋類,雞皮蛋,132,73.4,12.8,8.5,3.6,0
K01402,蛋類,土雞皮蛋,122,75.9,12.2,7.6,2.3,0
K01501,蛋類,炒蛋(加油3大匙),213,65.3,12.9,16.1,4.6,0
K016,蛋類,茶葉蛋平均值,141,73.3,13.7,9.1,2.2,0
K01601,蛋類,茶葉蛋(市售),138,72.7,13.5,8.7,3.5,0
K01602,蛋類,茶葉蛋(浸泡隔夜),145,74,13.8,9.4,0.9,0
K01701,蛋類,茶葉蛋白(浸泡隔夜),58,84.8,12.9,0.1,0.4,0
K01801,蛋類,茶葉蛋黃(浸泡隔夜),342,49.5,15.7,30.3,2.2,0
K01901,蛋類,荷包蛋(不加油),162,72.2,14,11.2,1.4,0
K01902,蛋類,荷包蛋(加油1小匙),191,69.3,13,14.9,1.6,0
K02001,蛋類,溫泉蛋,127,73.6,12.9,7.8,3.8,0
K02101,蛋類,煎蛋(不加油),161,69,13.5,11.3,4.9,0
K022,蛋類,滷蛋平均值,171,64.3,16.4,11.1,4.6,0
K02201,蛋類,雞滷蛋(市售),190,64.7,15.7,11.4,6.4,0
K02202,蛋類,雞滷蛋(現煮),177,65.1,16.6,11.1,3.1,0
K02203,蛋類,雞滷蛋(浸泡隔夜),181,63.2,16.9,10.8,4.4,0
K023,蛋類,滷蛋白平均值,75,73.5,16.7,0.2,4.6,0
K02301,蛋類,雞滷蛋白(現煮),84,74.5,16.6,0.2,3.9,0
K02302,蛋類,雞滷蛋白(浸泡隔夜),89,72.4,16.7,0.2,5.2,0
K024,蛋類,滷蛋黃平均值,378,44.3,17,33.7,1.9,0
K02401,蛋類,雞滷蛋黃(現煮),373,45.3,16.6,33.8,1.3,0
K02402,蛋類,雞滷蛋黃(浸泡隔夜),380,43.3,17.4,33.6,2.6,0
K025,蛋類,蒸蛋平均值,64,87.2,5.3,4.6,2.2,0
K02501,蛋類,蒸蛋(市售),32,90.1,3.6,1.8,3.4,0
K02502,蛋類,蒸蛋(微波爐),82,85.3,6.4,6,1.8,0
K02503,蛋類,蒸蛋(電鍋),80,86.3,5.8,6,1.3,0
K02601,蛋類,雞鐵蛋,286,47.2,26.6,17.5,5.9,0
K02701,蛋類,鴨蛋,187,71.2,13.1,14.4,0.2,0
K02801,蛋類,紅面番鴨蛋,198,70.9,13.1,15.6,0,0
K02901,蛋類,鴨蛋白,47,87.1,10.8,0,1.4,0
K03001,蛋類,鴨蛋黃,347,49.7,15.8,30.8,2,0
K03101,蛋類,鴨皮蛋,158,71.4,12.8,11.4,2.7,0
K032,蛋類,鴨鹹蛋平均值,185,66.7,13.3,14.1,1.1,0
K03201,蛋類,鴨生鹹蛋,187,69.1,12.5,14.7,0,0
K03202,蛋類,鴨熟鹹蛋,185,65.9,13.7,13.8,0.8,0
K03203,蛋類,鴨熟鹹蛋(薄鹽),185,65.1,13.7,13.8,3.5,0
K03301,蛋類,鴨鹹蛋黃,533,24.2,23.6,47.6,1.3,0
K03401,蛋類,鵪鶉蛋,172,72.1,12.7,13,1.2,0
K03501,蛋類,鵪鶉水煮蛋,163,74.7,12.3,12.1,0,0
K03601,蛋類,鵪鶉皮蛋,158,71.2,13.8,10.9,1.8,0
K03701,蛋類,鵪鶉滷蛋,200,57,16.2,14.3,11.1,0
K03801,蛋類,鵪鶉鹹蛋,171,66.9,13.7,12.3,1.9,0
K03901,蛋類,鵪鶉鐵蛋,436,20.4,28.8,26.9,20.4,0
K04001,蛋類,鴿蛋,96,80.8,10.2,5.7,2.5,0
K04101,蛋類,鵝蛋,179,70.2,10,15,3.2,0
L00101,乳品類,高脂鮮乳,73,85.8,3.2,4.2,6,0
L002,乳品類,全脂鮮乳平均值,63,87.9,3,3.5,4.9,0
L00201,乳品類,全脂鮮乳(1月取樣),62,88.2,2.9,3.6,4.7,0
L00202,乳品類,全脂鮮乳(4月取樣),61,88.2,2.9,3.4,4.8,0
L00203,乳品類,全脂鮮乳(6月取樣),63,87.9,3.2,3.6,4.6,0
L00204,乳品類,全脂鮮乳(9月取樣),64,87.8,2.8,3.6,5.3,0
L00205,乳品類,全脂鮮乳(10月取樣),64,87.7,3,3.7,4.8,0
L00206,乳品類,全脂鮮乳(11月取樣),62,88.1,3.1,3.5,4.6,0
L00207,乳品類,全脂鮮乳(12月取樣),64,87.4,3.2,3.4,5.2,0
L00301,乳品類,中脂鮮乳,48,89.4,3.1,1.9,4.8,0
L00401,乳品類,低脂鮮乳,43,90,3.1,1.3,5,0
L00501,乳品類,高脂強化鮮乳(鈣強化),68,86.9,3.2,3.9,5.2,0
L00502,乳品類,高脂強化鮮乳(寡醣強化),69,86.9,3.2,4.1,5.1,0
L00601,乳品類,中脂強化鮮乳(脂肪酸調整),59,86.9,2,2,8.6,0
L00701,乳品類,低脂強化鮮乳(維生素E強化),40,90.8,3,1.2,4.3,0
L00801,乳品類,低脂強化鮮乳(寡醣強化),46,89.4,3.1,1.3,5.5,0
L00901,乳品類,脫脂強化鮮乳(鈣強化),42,89,3.5,0.3,6.3,0
L00902,乳品類,脫脂強化鮮乳(寡醣強化),36,90.7,3.1,0.4,5.2,0
L00903,乳品類,脫脂強化鮮乳(鐵強化),41,89.3,4.2,0.2,5.6,0
L01001,乳品類,中脂調味乳(巧克力),62,86.3,1.9,2,9.2,0.8
L01002,乳品類,中脂調味乳(多穀類),67,86.4,2.4,3.1,7.6,1.1
L01003,乳品類,中脂調味乳(鈣強化),62,85.6,2.3,1.6,9.9,0
L01004,乳品類,中脂調味乳(維生素強化),60,86.9,2,2.2,8.3,0
L01005,乳品類,中脂調味乳(纖維&維生素E強化),65,85.5,2.4,2.1,9.3,0.3
L01101,乳品類,低脂調味乳(木瓜),57,85.9,1.8,0.6,11.2,0
L01102,乳品類,低脂調味乳(果汁),53,88,1.6,1.3,8.7,0
L01201,乳品類,高脂保久乳,71,87.7,3.1,5.1,3.4,0
L01301,乳品類,全脂保久乳,62,87.7,3,3.3,5.1,0
L01401,乳品類,中脂保久乳,49,89.3,3.2,1.9,4.8,0
L01501,乳品類,低脂強化保久乳(寡糖強化),46,89.1,3.2,1,6,0
L01601,乳品類,中脂調味保久乳(巧克力),60,86.6,1.9,1.7,9.3,0.5
L01602,乳品類,中脂調味保久乳(布丁),60,86.4,1.6,1.7,9.8,0
L01701,乳品類,全脂奶粉,504,2.8,26.4,28.2,37,0
L018,乳品類,部份脫脂奶粉平均值,434,2.7,28.2,14.3,48.6,0
L01801,乳品類,部份脫脂奶粉,423,2.5,32.8,12.1,45.6,0
L01802,乳品類,部份脫脂奶粉(即溶),445,2.8,23.7,16.4,51.6,0
L019,乳品類,脫脂奶粉平均值,361,4,37.1,1.2,49.8,0
L01901,乳品類,脫脂奶粉,361,4,36.2,0.9,51.2,0
L01902,乳品類,脫脂奶粉(即溶),362,4.1,38,1.4,48.4,0
L02001,乳品類,部份脫脂低乳糖奶粉,416,2.1,34.6,10.4,45.6,0
L02101,乳品類,全脂強化奶粉(纖維強化),500,2.6,25.6,27,39.5,3.2
L02201,乳品類,部份脫脂強化奶粉(鈣強化),408,4.4,25,11.8,51,0
L02202,乳品類,部份脫脂強化奶粉(纖維&DHA強化),476,1.1,23.2,22.1,47.3,5.4
L02203,乳品類,部份脫脂強化奶粉(纖維&鈣強化),366,2.9,35.9,1.8,50.8,0.8
L02204,乳品類,部份脫脂強化奶粉(脂肪酸調整),481,2.2,22.7,23.5,45.9,0
L02301,乳品類,脫脂強化奶粉(抗氧化),366,3,32.3,1,56.6,0.4
L02302,乳品類,脫脂強化奶粉(鈣&維生素A強化),360,3.5,38,1.1,48.7,0
L02303,乳品類,"脫脂強化奶粉(鈣&維生素C,E強化)",360,0.8,32.8,0.7,55.4,0
L02304,乳品類,脫脂強化奶粉(鈣&鐵強化),360,2.4,35.6,0.7,52.3,0
L02401,乳品類,部份脫脂調味奶粉(巧克力),403,2.2,14.1,6.9,71.9,7.6
L02402,乳品類,部份脫脂調味奶粉(果汁),426,2.3,19.8,11.4,62.3,0
L02501,乳品類,切片乾酪,309,47.2,18.3,23.7,5.9,8.7
L02502,乳品類,切片乾酪(低脂),238,50.9,21.7,12.5,9.2,0
L02503,乳品類,刨絲乾酪,330,44.4,25.1,24.1,2.9,0
L02504,乳品類,乾酪粉,482,15,40.4,33.6,3.6,0
L02601,乳品類,脫脂稀釋發酵乳,68,82.7,1.1,0.1,15.8,0
L02602,乳品類,脫脂稀釋發酵乳(鈣強化),72,81.7,1,0.1,16.9,0
L02701,乳品類,全脂濃稠發酵乳,90,80.6,4.1,3.2,11.3,0
L02801,乳品類,中脂濃稠發酵乳,82,81.6,2.9,2.3,12.6,0.9
L02802,乳品類,中脂濃稠發酵乳(無糖&纖維強化),74,83.6,3.2,2.2,10.4,0.6
L02803,乳品類,中脂濃稠發酵乳(草莓),88,80.5,3.1,2.7,13,0.5
L02901,乳品類,低脂濃稠發酵乳,73,82.5,2.3,1.1,13.6,0
L03001,乳品類,脫脂濃稠發酵乳,63,83.9,3,0.4,12.1,0.2
L03002,乳品類,脫脂濃稠發酵乳(低熱量),37,90.5,2,0.1,6.9,0
L03003,乳品類,脫脂濃稠發酵乳(草莓),67,83,2.3,0.3,13.9,0
L03004,乳品類,脫脂濃稠發酵乳(啤酒酵母),34,90.9,2.1,0.1,6.4,0
L03101,乳品類,高脂凝態發酵乳(纖維強化),94,80.3,3.2,3.8,11.9,1.7
L03201,乳品類,全脂凝態發酵乳,97,79,3.1,3.3,13.6,0
L03301,乳品類,中脂凝態發酵乳(草莓),102,77.2,3.7,2.8,15.6,0
L03302,乳品類,中脂凝態發酵乳(蘆薈),89,79.7,1.7,2.5,15.1,0.4
L03401,乳品類,脫脂凝態發酵乳(纖維強化),84,78.6,4.1,0.5,15.9,0.1
L03501,乳品類,脫脂保久稀釋發酵乳,45,88.5,0.1,0.1,11,0
L03601,乳品類,脫脂保久濃稠發酵乳(草莓&蘋果),68,82.3,3,0.2,13.6,0
L03701,乳品類,淡煉乳,136,74.5,6.5,8.3,9.1,0
L03801,乳品類,加糖部份脫脂煉乳,318,26.7,7.5,7.8,56.2,0
L03901,乳品類,高脂鮮羊乳,65,87.7,3.4,4,4.2,0
L04001,乳品類,中脂鮮羊乳,48,90.2,2.7,2.4,3.9,0
L04101,乳品類,保久羊乳,59,88.6,3,3.3,4.5,0
L04201,乳品類,中脂調味保久羊乳(巧克力),58,86.9,1.1,1.5,10.3,0
L04202,乳品類,中脂調味保久羊乳(果汁),76,84,2.9,3,9.3,0
L043,乳品類,全脂羊奶粉平均值,511,2.1,26.3,29.7,35.6,0
L04301,乳品類,全脂羊奶粉,505,2.3,26.7,28.6,36,0
L04302,乳品類,全脂羊奶粉(即溶),517,1.9,25.9,30.8,35.1,0
M001,油脂類,牛油平均值,764,7.2,0,85.5,2.4,0
M00101,油脂類,牛油(未精煉),642,14.4,0,71.9,4.2,0
M00102,油脂類,牛油(精煉),885,0.1,0,99.1,0.6,0
M00201,油脂類,豬油,890,0.3,0,99.7,0,0
M00301,油脂類,高油酸豬油,893,0,0,100,0,0
M00401,油脂類,雞油,891,0.3,0,99.8,0,0
M00501,油脂類,大豆油,883,0.1,0,99.9,0.1,0
M00601,油脂類,大豆油(卵磷脂強化),880,0.4,0,99.6,0,0
M00602,油脂類,大豆油(多種維生素強化),883,0.1,0,99.9,0,0
M00701,油脂類,玉米油,883,0,0,99.8,0.1,0
M008,油脂類,米油平均值,882,0,0,99.8,0.1,0
M00801,油脂類,米油(秈米),882,0,0.1,99.7,0.2,0
M00802,油脂類,米油(粳米),883,0.1,0,99.9,0,0
M00901,油脂類,亞麻仁油,820,0.1,0.2,92.8,6.9,0
M01001,油脂類,白芝麻油,884,0.1,0.1,100,0,0
M01101,油脂類,黑芝麻油,881,0.1,0.1,99.7,0.1,0
M01201,油脂類,調合芝麻油,884,0.1,0.1,100,0,0
M01301,油脂類,花生油,883,0.1,0,99.9,0,0
M01401,油脂類,調合花生油,884,0.1,0,100,0,0
M01501,油脂類,油菜籽油,883,0.1,0,99.9,0,0
M01601,油脂類,芥花油,882,0.1,0,99.8,0.1,0
M01701,油脂類,南瓜籽油,883,0.1,0,99.9,0,0
M01801,油脂類,紅花籽油,884,0.1,0,100,0,0
M01901,油脂類,高油酸紅花籽油,880,0,0,99.6,0.4,0
M02001,油脂類,核桃油,883,0.1,0,99.9,0,0
M021,油脂類,茶油平均值,883,0.1,0,99.9,0,0
M02101,油脂類,油茶油,883,0.1,0,99.9,0,0
M02102,油脂類,熟油茶油,883,0.1,0,99.9,0,0
M02201,油脂類,高油酸棕櫚油,883,0.1,0,99.9,0,0
M02301,油脂類,椰子油,883,0.1,0,99.9,0,0
M02401,油脂類,葵花籽油,883,0.1,0,99.9,0,0
M02501,油脂類,葵花籽油(多種維生素強化),883,0.1,0,99.9,0,0
M02601,油脂類,高油酸葵花籽油,883,0.1,0,99.9,0,0
M02701,油脂類,葡萄籽油,883,0.1,0,99.9,0,0
M02801,油脂類,橄欖油,884,0.1,0,100,0,0
M02901,油脂類,烤酥油,883,0.1,0,99.9,0,0
M03001,油脂類,調合植物油,887,0.1,0,100.3,0,0
M03101,油脂類,中鏈脂肪酸油,883,0.1,0,99.9,0,0
M032,油脂類,奶油平均值(固態),716,16.1,0.6,80.1,2.3,0
M03201,油脂類,"奶油(固態,不加鹽)",733,15.8,0.6,82.7,0.9,0
M03202,油脂類,"奶油(固態,加鹽)",699,16.3,0.7,77.5,3.7,0
M03301,油脂類,奶油(液態),340,61.7,2,39.1,0,0
M03401,油脂類,人造奶油(維生素強化),725,15.9,0.1,82,0,0
M03402,油脂類,中脂人造奶油,674,20.3,0,76.2,1.3,0
M03403,油脂類,人造奶油(低熱量),94,56,2.5,10.6,29.6,0
N00101,糖類,方糖,385,0.4,0,0,99.6,0
N00201,糖類,冰糖,387,0.1,0,0,99.9,0
N00301,糖類,紅砂糖,385,0.5,0,0,99.4,0
N00401,糖類,黑砂糖,365,3.3,0.6,0,94.4,0
N00501,糖類,麥芽糖,325,15.9,0,0,84.1,0
N00601,糖類,楓糖,258,33,0.1,0.1,66.6,0
N00701,糖類,蜂蜜(冬蜜),315,18.3,0.1,0.1,81.5,0
N00702,糖類,蜂蜜(春蜜),308,20,0.2,0.2,79.6,0
N00801,糖類,果寡糖,300,22.5,0,0,77.5,0
N00901,糖類,果糖,297,23.1,0,0,76.9,0
N01001,糖類,冬瓜糖磚,360,6.8,0,0,93.1,0.2
N01101,糖類,黑糖蜜,280,27.1,0.2,0,72.4,0.2
O00101,嗜好性飲料類,米漿(散裝),61,85.1,0.6,0.5,13.7,0.7
O00102,嗜好性飲料類,保久米漿,62,86,1,1.5,11.3,0.7
O00103,嗜好性飲料類,糙米漿,71,84.7,1.3,2.2,11.6,0.9
O00104,嗜好性飲料類,糙秈米漿,68,85.5,0.9,2.1,11.4,0.9
O00105,嗜好性飲料類,糯米漿,51,88.1,0.8,0.8,10.2,0.1
O00106,嗜好性飲料類,黑糯米漿,50,87.7,0.4,0.2,11.6,0.2
O00201,嗜好性飲料類,米漿粉,441,3.6,9.1,12.3,74.3,2
O00301,嗜好性飲料類,麥片沖泡包(三合一),406,3.1,11,7.5,74.3,2.1
O00401,嗜好性飲料類,糙米麩,384,6,7.8,3.3,81.4,2.9
O00501,嗜好性飲料類,麵茶粉,420,2.2,7.2,7,82.9,2.7
O00601,嗜好性飲料類,麥茶,18,95.5,0,0,4.4,0
O00701,嗜好性飲料類,黑麥汁,52,87,0.3,0,12.6,0.1
O00801,嗜好性飲料類,燕麥奶,44,89.9,1,0.8,8.1,1.1
O00901,嗜好性飲料類,杏仁茶沖泡包,396,5.9,3.5,5.2,84.7,0.7
O01001,嗜好性飲料類,芝麻糊沖泡包,455,2.4,9.3,15.4,70.7,4.2
O01101,嗜好性飲料類,木瓜牛奶,42,89.9,1.7,0.6,7.7,0.7
O01201,嗜好性飲料類,西瓜汁(非原汁),30,92.5,1.1,0.1,6.1,0.1
O01301,嗜好性飲料類,芭樂汁(非原汁),45,88.7,0.1,0.1,11,0.1
O01401,嗜好性飲料類,柳橙汁(非原汁),50,87.4,0.1,0.1,12.3,0
O01501,嗜好性飲料類,烏梅汁,57,85.6,0.3,0.2,13.8,0.2
O01601,嗜好性飲料類,黑棗茶,46,88.3,0,0,11.6,0
O01701,嗜好性飲料類,楊桃汁(非原汁),48,87.5,0,0.1,12,0.1
O01801,嗜好性飲料類,葡萄柚汁(非原汁),41,89.7,0.2,0.2,9.7,0.5
O01901,嗜好性飲料類,鳳梨汁(非原汁),47,88.1,0.3,0.2,11.3,0.2
O02001,嗜好性飲料類,蕃茄汁(非原汁),22,93.8,0.7,0.2,4.4,0.3
O02101,嗜好性飲料類,檸檬汁(非原汁),32,92,0.8,0.1,7.1,0.1
O02201,嗜好性飲料類,蘋果汁(非原汁),47,88.6,0.1,0.4,10.9,0
O02301,嗜好性飲料類,仙草蜜,35,91,0,0,8.8,0.1
O02401,嗜好性飲料類,冬瓜茶,33,91.7,0,0,8.3,0
O02501,嗜好性飲料類,薑母茶,28,92.9,0,0,7,0
O02601,嗜好性飲料類,薑茶沖泡包,396,0.3,0.3,0.3,98.7,0
O02701,嗜好性飲料類,蘆薈露飲料,43,89,0,0,10.9,0.1
O02801,嗜好性飲料類,豆漿,56,87,2.8,1.1,8.7,1.6
O02802,嗜好性飲料類,豆漿(無糖),35,93.3,3.6,1.9,0.7,1.3
O02803,嗜好性飲料類,雞蛋豆漿,55,87.4,1.9,1.3,9.2,0.2
O02901,嗜好性飲料類,鹹豆漿,37,92,3.5,1.8,1.7,0.1
O03001,嗜好性飲料類,黑豆漿,39,90.7,1.1,0.6,7.4,0.1
O03101,嗜好性飲料類,豆漿粉,431,8.3,37.4,17.1,32.5,12.6
O03201,嗜好性飲料類,豆漿優酪乳,70,83.7,2,1.2,12.9,0.9
O03301,嗜好性飲料類,黑豆茶,13,96.7,0,0,3.2,0
O03401,嗜好性飲料類,乳酸飲料,44,88.7,0.2,0,10.9,0
O03501,嗜好性飲料類,鮮奶可可,79,82.8,2.1,2.7,11.6,1.2
O03601,嗜好性飲料類,可可粉,461,2.3,20.8,22.8,43.8,24.7
O03701,嗜好性飲料類,美式咖啡(無糖),2,99.3,0.2,0.1,0.3,0
O03801,嗜好性飲料類,拿鐵咖啡(無糖),43,91.2,3,2,3.4,0
O03802,嗜好性飲料類,咖啡(三合一),39,90.3,0.9,0.3,8.2,0
O03901,嗜好性飲料類,即溶咖啡粉,360,3.1,16.6,1.3,71.2,22.2
O04001,嗜好性飲料類,咖啡沖泡包(三合一),433,1.1,4.8,9.5,83,0
O04101,嗜好性飲料類,紅茶茶湯,0,99.9,0.1,0,0,0
O04201,嗜好性飲料類,紅茶(大麥),34,91.3,0,0,8.6,0
O04202,嗜好性飲料類,紅茶(蘋果),36,90.8,0,0,9.2,0
O04301,嗜好性飲料類,紅茶沖泡包(檸檬),395,0.3,0,0,99.5,0.4
O04401,嗜好性飲料類,烏龍茶茶湯,0,99.9,0,0,0,0
O04402,嗜好性飲料類,烏龍茶,0,99.8,0.1,0,0.1,0
O04501,嗜好性飲料類,"烏龍茶(去冰,微糖)",15,96.1,0.1,0,3.8,0
O04502,嗜好性飲料類,"烏龍茶(去冰,半糖)",21,94.7,0.1,0,5.2,0
O04503,嗜好性飲料類,"烏龍茶(去冰,全糖)",35,91.1,0.1,0,8.8,0
O04601,嗜好性飲料類,綠茶茶湯,0,99.9,0.1,0,0,0
O04701,嗜好性飲料類,綠茶,21,94.5,0,0,5.4,0
O04801,嗜好性飲料類,鮮奶茶(無糖),26,94.9,2,1.4,1.4,0
O04802,嗜好性飲料類,奶茶(三合一),42,89.7,0.5,0.3,9.5,0
O04901,嗜好性飲料類,"烏龍奶茶(去冰,微糖)",59,88.5,0.2,2.9,8.1,0
O04902,嗜好性飲料類,"烏龍奶茶(去冰,半糖)",62,87.4,0.2,2.6,9.6,0
O04903,嗜好性飲料類,"烏龍奶茶(去冰,全糖)",74,84.5,0.2,2.8,12.3,0
O05001,嗜好性飲料類,"珍珠奶茶(去冰,微糖)",75,83.8,0.2,2.3,13.5,0
O05002,嗜好性飲料類,"珍珠奶茶(去冰,半糖)",83,82.3,0.2,2.7,14.5,0
O05003,嗜好性飲料類,"珍珠奶茶(去冰,全糖)",93,79.2,0.2,2.4,17.9,0
O05101,嗜好性飲料類,奶茶沖泡包(三合一),448,1.2,1.7,12.9,82.3,0
O05201,嗜好性飲料類,茉莉花茶湯,0,99.9,0.1,0,0,0
O05301,嗜好性飲料類,茉莉花茶,28,92.8,0.1,0,7.1,0
O05302,嗜好性飲料類,菊花茶,29,92.6,0,0,7.4,0
O05401,嗜好性飲料類,多多綠茶(全糖),49,87.8,1.1,0.1,11,0
O05501,嗜好性飲料類,可樂,51,87.1,0,0,12.8,0
O05502,嗜好性飲料類,可樂(低熱量),1,99.7,0,0,0.3,0
O05601,嗜好性飲料類,沙士,36,90.8,0,0,9.2,0
O05602,嗜好性飲料類,加鹽沙士,62,89.8,0.8,4.3,5.1,0
O05603,嗜好性飲料類,沙士(低糖),43,89.1,0,0,10.9,0
O05701,嗜好性飲料類,汽水(綜合口味),42,89.4,0,0,10.6,0
O05801,嗜好性飲料類,汽水(維生素強化),46,88.5,0,0,11.5,0
O05901,嗜好性飲料類,生啤酒,69,91.2,0.4,0,8.2,0
O05902,嗜好性飲料類,啤酒,67,91,0,0,8.9,0
O06001,嗜好性飲料類,陳年紹興酒,199,79,1.8,0,19.1,0
O06101,嗜好性飲料類,白葡萄酒,134,85.4,0.1,0,14.2,0
O06201,嗜好性飲料類,紅葡萄酒,136,84.9,0.1,0,14.8,0
O06301,嗜好性飲料類,維生素強化飲料(胡蘿蔔素),39,90.2,0,0,9.8,0
O06302,嗜好性飲料類,維生素強化飲料(綜合),54,86.3,0.1,0,13.4,0
O06303,嗜好性飲料類,維生素強化飲料(維生素C),57,85.7,0,0,14.3,0
O06401,嗜好性飲料類,運動飲料,28,92.7,0.1,0,7,0
O06501,嗜好性飲料類,米醋飲料,52,86.8,0,0,13,0
O06502,嗜好性飲料類,果汁醋飲料(綜合),37,90.5,0,0,9.3,0
O06601,嗜好性飲料類,龜苓茶,33,91.6,0,0,8.3,0
O06701,嗜好性飲料類,雞精,34,90.9,8.6,0,0,0
P00101,調味料及香辛料類,八角,360,12.2,4.9,3.9,76.2,55.8
P00201,調味料及香辛料類,小茴香粉,411,9.1,19.5,25.8,37,36.6
P00301,調味料及香辛料類,山葵粉,384,7.7,10.1,6.1,72.9,13.5
P00401,調味料及香辛料類,五香粉,363,8.2,8.7,8.9,68.1,49.6
P00501,調味料及香辛料類,甘草粉,341,7.8,9.2,3.6,73.4,40.1
P00601,調味料及香辛料類,肉桂粉,343,10.2,4.2,2.9,78.8,53.7
P00701,調味料及香辛料類,西洋芹菜片,315,6,24.4,6.8,49.9,23.4
P00801,調味料及香辛料類,咖哩粉,414,5.9,13.9,14.1,58.5,36.4
P00901,調味料及香辛料類,咖哩塊,511,2.1,5.6,34.5,45.4,4.9
P01001,調味料及香辛料類,花椒粉,369,9.7,10,9.2,63.2,47.5
P01101,調味料及香辛料類,洋香菜片,312,7.6,24.4,7.5,47.7,25
P01201,調味料及香辛料類,洋蔥粉,357,4.8,8.1,1.8,82.1,11.2
P01301,調味料及香辛料類,白胡椒粉,342,10.6,3.7,1.1,78.8,26.3
P01401,調味料及香辛料類,紅胡椒粒,376,17.9,5.9,13.7,59.3,27.4
P01501,調味料及香辛料類,黑胡椒粉,372,10.4,11.6,6.7,67.7,22.5
P01601,調味料及香辛料類,綠胡椒粒,379,8.3,11.3,7.3,68.4,36.9
P01701,調味料及香辛料類,迷迭香粉,432,6.3,5.9,21.9,59.8,47.4
P01801,調味料及香辛料類,荳蔻粉,448,14.3,6.7,26.2,50.6,18.9
P01901,調味料及香辛料類,蒜粉,332,5.2,18.1,0.4,71.9,16.6
P02001,調味料及香辛料類,辣椒粉,387,5.5,14.7,14.1,59.1,42.5
P02101,調味料及香辛料類,羅勒片,289,10.9,23.3,5.8,46.1,35.5
P02201,調味料及香辛料類,七味唐辛子,460,9,15.8,24.1,45.8,46.5
P02301,調味料及香辛料類,沙茶粉,503,4.5,14.9,28.8,47,15.1
P02401,調味料及香辛料類,豆酥,536,3,30.1,38.1,19.2,13.2
P02501,調味料及香辛料類,味精,250,0.3,44.5,0,18.1,0
P02502,調味料及香辛料類,高鮮味精,269,0.7,45,0,22.3,0
P02601,調味料及香辛料類,鮮雞精,265,1.5,10.8,10.1,33.3,2.9
P02701,調味料及香辛料類,油蔥酥,514,4.1,7.4,28.8,57.1,14.5
P02801,調味料及香辛料類,高湯塊(排骨),360,1.9,12.5,23.9,24.5,0.4
P02802,調味料及香辛料類,高湯塊(雞肉),338,2.1,14.7,24.8,14.5,0.6
P02901,調味料及香辛料類,梅子粉,284,4.9,2,3.9,60.8,9
P03001,調味料及香辛料類,椰子粉,629,2.7,7.2,60.3,27.8,14.3
P03101,調味料及香辛料類,蒜頭酥,448,7.1,11.7,17.8,61.2,7.9
P03201,調味料及香辛料類,糖粉,396,0.5,0,0.2,99.3,0.2
P03301,調味料及香辛料類,薑粉,333,8.9,10.4,3.6,70.5,19.8
P03401,調味料及香辛料類,岩鹽,2,0.1,0,0.1,0.4,0
P03501,調味料及香辛料類,低鈉鹽,11,0.7,0,0,2.8,0
P03601,調味料及香辛料類,味醂,218,44.8,0.5,0,54.5,0
P03701,調味料及香辛料類,紅辣椒油,891,0.1,0,99.8,0.1,0
P03801,調味料及香辛料類,香油,883,0.1,0,99.9,0,0
P03901,調味料及香辛料類,高湯(豬大骨),49,77.2,4.2,0.7,6.6,0
P03902,調味料及香辛料類,低脂高湯,2,98.4,0.3,0,0.3,0
P04001,調味料及香辛料類,素食高湯,17,94,0.3,0,4,0
P04101,調味料及香辛料類,蝦油,56,64,7.4,0.1,6.4,0.4
P04201,調味料及香辛料類,米醋,10,97.5,0,0,2.4,0
P04202,調味料及香辛料類,糯米醋,17,95.5,0.1,0,4.1,0
P04203,調味料及香辛料類,高梁醋,27,93.2,0,0,6.8,0
P04204,調味料及香辛料類,薏仁醋,13,96.1,0,0,3.3,0
P04301,調味料及香辛料類,紅醋,5,98.8,0.3,0,0.8,0.1
P04401,調味料及香辛料類,香醋,3,98.9,0,0,0.7,0
P04501,調味料及香辛料類,烏醋,37,86.5,0.5,0,8.7,0
P04502,調味料及香辛料類,素食烏醋,41,83.6,0,0,10.4,0
P04601,調味料及香辛料類,壽司醋,179,53.1,0,0,45.2,0
P04701,調味料及香辛料類,鮮味露,75,54.5,20.1,0.1,0,0.1
P04702,調味料及香辛料類,醬油,90,67,7.8,0,14.7,0
P04703,調味料及香辛料類,薏仁醬油,83,65.5,9.3,0,11.5,0
P04704,調味料及香辛料類,黑豆醬油,113,61.8,7.5,0.2,20.6,0.6
P04801,調味料及香辛料類,淡色醬油,77,67.7,7.1,0.4,11.5,0.6
P04901,調味料及香辛料類,薄鹽醬油(低鈉),77,71.4,7.4,0,11.9,0
P04902,調味料及香辛料類,薄鹽醬油(低鈉高鉀),56,71.7,6.5,0,7.6,0
P05001,調味料及香辛料類,醬油膏,103,63.4,6.8,0,19,0
P05002,調味料及香辛料類,黑豆油膏,145,54.7,7.8,0.1,28.6,0.4
P05101,調味料及香辛料類,薄鹽黑豆醬油膏,124,60.4,7.6,0.1,23.3,0
P05201,調味料及香辛料類,蠔油,155,45.6,6.5,0.1,32.2,0.1
P05301,調味料及香辛料類,干貝醬,553,20,16.7,51,8,1.5
P05401,調味料及香辛料類,牛肉醬,503,18.3,17,38.9,22.2,1
P05501,調味料及香辛料類,肉燥,394,46,9.5,38,4.2,0
P05502,調味料及香辛料類,素肉燥,479,29.3,12.4,42.6,12.5,2.9
P05601,調味料及香辛料類,義式乳酪醬,214,64.4,8.8,17,6.9,3.3
P05701,調味料及香辛料類,炸醬,395,33,14.6,34.7,6.7,5.7
P05702,調味料及香辛料類,素食炸醬,388,35.2,13.9,35.3,4.5,4.6
P05801,調味料及香辛料類,海苔醬,222,37.8,6.4,0,49.3,2.3
P05901,調味料及香辛料類,麻醬,639,0.9,20.8,52.8,21.3,11.8
P05902,調味料及香辛料類,麻醬醬包,671,5,13.2,64,11.8,4.9
P06001,調味料及香辛料類,白醬,61,86.3,1.2,3.2,6.8,1.4
P06002,調味料及香辛料類,青醬,82,82.8,0.9,5.4,7.7,2.3
P06003,調味料及香辛料類,蕃茄義大利麵醬,70,83.1,3.2,2.5,8.9,1.6
P06101,調味料及香辛料類,五味醬,139,60.9,1.3,0.8,31.9,1
P06201,調味料及香辛料類,牛排醬,129,61.6,2.5,0,30.1,1.3
P06301,調味料及香辛料類,羊肉爐醬,129,68.6,7.3,7.2,8.9,1.1
P06401,調味料及香辛料類,沙拉醬,639,19.5,1.9,65.7,11.4,0.1
P06402,調味料及香辛料類,無蛋沙拉醬,475,33.8,1.8,44,19,0
P06403,調味料及香辛料類,千島沙拉醬,511,31.1,1,49.3,16.7,0.4
P06404,調味料及香辛料類,凱撒沙拉醬,334,48.4,1.4,29.1,17.3,0.4
P06501,調味料及香辛料類,沙茶醬,723,5.4,10.2,71.8,10.4,3.7
P06601,調味料及香辛料類,素沙茶醬,665,8.6,7.5,66,11.4,2.8
P06701,調味料及香辛料類,黃芥茉醬,74,82.4,4.1,3.7,6.2,5.1
P06801,調味料及香辛料類,山葵醬,336,22,1.1,5.9,70.2,5.3
P06901,調味料及香辛料類,金桔醬,83,74.8,0.5,0.4,19.5,2.1
P07001,調味料及香辛料類,海鮮醬,227,39.2,1.8,2.2,50.3,1.4
P07101,調味料及香辛料類,烤肉醬,156,54.2,5.2,0.8,32.1,0.7
P07201,調味料及香辛料類,排骨醬,219,39.1,2.3,4.4,43.1,1.4
P07301,調味料及香辛料類,甜辣醬,115,65.5,1,0,28.1,0.6
P07401,調味料及香辛料類,甜麵醬,214,43.9,4.5,2.4,44,1.7
P07501,調味料及香辛料類,朝鮮醬,105,72.6,1.6,2.3,19.7,1.8
P07601,調味料及香辛料類,日式照燒醬,226,38.9,3,0.5,52.6,0.1
P07701,調味料及香辛料類,蒜蓉醬,279,51.8,4.2,20,21.2,1.2
P07702,調味料及香辛料類,辣蒜蓉醬,78,72.1,2.3,4.2,7.8,4.5
P07801,調味料及香辛料類,辣椒醬,82,68.9,2.6,2.9,11.5,4.7
P07901,調味料及香辛料類,蔥醬,148,68.1,2.2,6.8,19.5,1.8
P08001,調味料及香辛料類,糖醋醬,130,65.4,1.9,2.6,25.1,0.7
P08101,調味料及香辛料類,蕃茄醬,113,67.8,1.6,0.1,26.7,1.4
P08201,調味料及香辛料類,薑蓉醬,64,85.1,1,2.6,9.4,1.7
P08301,調味料及香辛料類,蘑菇醬,58,87.3,1.5,2.4,7.7,1.3
P08401,調味料及香辛料類,米豆醬,128,59.7,7.4,3,17.9,2.5
P08501,調味料及香辛料類,蒜味豆豉醬,268,44.9,9.5,17,19.7,2.7
P08601,調味料及香辛料類,豆酥醬,666,9,12.2,64.5,10.4,5.6
P08701,調味料及香辛料類,豆瓣醬,177,51.8,14.2,8.1,12.2,4.1
P08702,調味料及香辛料類,辣豆瓣醬,100,66.4,4.5,3.3,13.1,5.2
P08801,調味料及香辛料類,味噌,214,40.1,10.6,4.5,33.1,4.5
P08901,調味料及香辛料類,紅麴醬,162,52.5,4.6,0.5,35,1.2
P09001,調味料及香辛料類,韭花醬,29,79.5,2.1,0.3,4.5,2.7
P09101,調味料及香辛料類,香椿醬,528,34.8,8.1,56.7,0,5
P09201,調味料及香辛料類,麻婆醬,189,59.2,2.9,9.5,23.1,2.6
P09301,調味料及香辛料類,蝦醬,99,46.4,19.6,1.7,1.3,0
P09401,調味料及香辛料類,法式奶酥醬,591,7.3,6.7,46.5,37.6,0
P09501,調味料及香辛料類,巧克力醬(液體),275,31.2,2,0.8,65.4,2.1
P09601,調味料及香辛料類,草莓果醬,270,33.3,0.4,1.2,65,1.6
P09602,調味料及香辛料類,葡萄果醬,259,37,0,1.9,60.9,1.5
P09603,調味料及香辛料類,桑葚果醬,225,43.4,0.9,0.4,54.9,1.1
P09701,調味料及香辛料類,白芝麻麵包醬,679,0.5,20,60.4,15.3,10
P09702,調味料及香辛料類,黑芝麻麵包醬,661,1.9,10.6,57.4,27,6.8
P09801,調味料及香辛料類,花生醬,652,1,24,54.3,17.9,10.6
P09901,調味料及香辛料類,洋蔥麵包醬,274,61.7,1,26.1,9.5,1.9
P10001,調味料及香辛料類,法式香蒜醬,784,8.4,1.1,85.7,3.8,0.5
P10101,調味料及香辛料類,液體奶精,260,66.4,3.9,26.3,2.5,0
P10201,調味料及香辛料類,奶精粉,539,2.7,2.2,33,59.5,0
P10202,調味料及香辛料類,奶精粉(低脂),447,3.8,2.1,15.7,75.2,0
P10301,調味料及香辛料類,黃耆水,14,95.9,0.9,0,2.9,0.1
P10401,調味料及香辛料類,黃耆片,321,12.5,14.9,1.6,68.7,33
P10501,調味料及香辛料類,椰漿,206,76.5,1.1,23.1,0,0.3
P10601,調味料及香辛料類,炸排粉,341,8.8,11.9,1.8,70,1.8
P10701,調味料及香辛料類,炸雞粉,331,7.8,8.3,1.7,71,6.2
P10801,調味料及香辛料類,蒸肉粉(五香),347,9.9,10.3,1.1,74.8,2.4
P10901,調味料及香辛料類,熱狗粉,353,10.4,8.3,0.9,78.4,1.4
P11001,調味料及香辛料類,麵包粉,367,8.4,14.4,1.5,74.6,2.5
P11101,調味料及香辛料類,酵母粉,346,5.9,46.3,0,40.4,21.3
Q00101,糕餅點心類,冷藏寧波年糕,218,45.5,3.9,0.6,49.7,0.6
Q00201,糕餅點心類,冷藏甜年糕,240,39.9,2.3,0.4,57.2,0.5
Q00301,糕餅點心類,冷藏廣式芋頭粿,107,74,2.1,1.4,21.6,1
Q00401,糕餅點心類,冷藏廣式蘿蔔糕,110,74.4,2.2,2.3,20.4,0.9
Q00501,糕餅點心類,包餡甜麻糬(紅豆),327,21.2,10,2.9,65.7,2
Q00601,糕餅點心類,鹹麻糬,246,42.6,8.7,4.5,43.2,1.6
Q00701,糕餅點心類,芋仔餅,351,26.1,4.6,12.1,56.6,3.3
Q00801,糕餅點心類,月餅(棗泥),416,15.9,6,18.2,57.9,3.4
Q00901,糕餅點心類,綠豆凸,389,20.9,6.9,15.5,56.2,3.9
Q01001,糕餅點心類,蕃薯餅,328,30,3.9,10.6,54.9,1.6
Q01101,糕餅點心類,車輪餅(紅豆),186,53.5,2.1,1.1,42.3,6.5
Q01102,糕餅點心類,車輪餅(菜脯),182,59.7,1.4,5.7,31.6,3.9
Q01201,糕餅點心類,太陽餅,460,10.3,5.3,21.1,63,0.4
Q01301,糕餅點心類,方塊酥,520,2.3,7.1,27,63.2,0.9
Q01401,糕餅點心類,牛舌餅,402,12.5,5.7,12,68.6,0.2
Q01501,糕餅點心類,冷凍芋頭酥,215,48.7,3.1,3,44.2,2.2
Q01601,糕餅點心類,蛋黃酥,461,16.3,11.4,27,43.9,2
Q01701,糕餅點心類,鳳梨酥,502,8.9,4.2,28.8,57.6,1.7
Q01801,糕餅點心類,蘿蔔酥,439,18.5,7.5,24,49.2,3.3
Q01901,糕餅點心類,鳳眼糕,377,6.2,3.8,1.1,88.7,0.7
Q02001,糕餅點心類,米?,432,6.4,2.6,12.6,78,0.5
Q02101,糕餅點心類,可頌,449,18.3,7.3,26.1,47.1,2.1
Q02201,糕餅點心類,泡芙(巧克力),589,1.4,10.3,41.3,45.3,2.1
Q02301,糕餅點心類,冷凍馬拉糕,318,35.2,7,12.9,44,1.3
Q02401,糕餅點心類,蛋塔,373,32.4,4.1,21.7,41.1,1.5
Q02402,糕餅點心類,蛋塔(葡式),372,37.8,3.7,25.8,31.9,1.2
Q02501,糕餅點心類,乳酪蛋糕(圓形),280,51.8,7,18.6,21.7,0.7
Q02601,糕餅點心類,海綿蛋糕(圓形),341,35.7,5.1,18.1,40.2,2.5
Q02701,糕餅點心類,提拉米蘇(圓形),325,48.7,4.4,25.1,21.1,0.6
Q02801,糕餅點心類,蜂蜜蛋糕(原味),360,31,6.5,17.8,44.1,0.6
Q02802,糕餅點心類,蜂蜜蛋糕(巧克力),340,33.5,6.9,16.1,42.6,1.4
Q02803,糕餅點心類,蜂蜜蛋糕(起司),338,33.8,7.4,15.8,42.2,0.7
Q02901,糕餅點心類,銅鑼燒,329,28.8,3.4,9.9,57.2,1.9
Q03001,糕餅點心類,鬆餅,255,37.8,3.2,2.6,55.1,1.4
Q03101,糕餅點心類,土司,287,34.2,9.5,6.3,48.6,3
Q03102,糕餅點心類,土司(含全穀粉),290,33.3,10,6.1,49.2,4.2
Q03201,糕餅點心類,奶酥麵包,372,24.3,9.1,15.2,50.3,1.1
Q03301,糕餅點心類,肉鬆麵包,426,20,8.1,22.9,47.6,3.1
Q03401,糕餅點心類,蜜糖甜甜圈(波/摩堤),393,25.7,2,20.7,50.6,0.7
Q03402,糕餅點心類,糖粒甜甜圈(油炸),398,23.7,5.3,19.8,50.3,2
Q03501,糕餅點心類,菠蘿麵包,386,22.5,9.2,17.2,49.3,0.9
Q03601,糕餅點心類,漢堡包,320,27.4,9.1,7.4,54.9,3
Q03701,糕餅點心類,餐包,362,26.3,7.2,14.9,50.5,2
Q03801,糕餅點心類,仙草凍,19,95,0.9,0.1,3.7,0.4
Q03901,糕餅點心類,鮮奶布丁,109,78.2,3,5.1,13.1,0
Q03902,糕餅點心類,烤布丁,125,73.7,4.7,4.7,16.2,0
Q03903,糕餅點心類,黃布丁,107,76.3,2.3,3,17.8,0
Q04001,糕餅點心類,巧克力冰淇淋,183,64.2,4.2,9.1,21.4,0
Q04002,糕餅點心類,香草冰淇淋,178,65,2.5,8.6,23.1,0
Q04101,糕餅點心類,羊羹,287,28.4,3,0.8,67.5,3.1
Q04201,糕餅點心類,豆花(花生),59,85.9,2,0.7,11.1,0.8
Q04301,糕餅點心類,咖啡凍,74,81.5,0.1,0.2,18.1,0.3
Q04401,糕餅點心類,果凍,89,77.2,0,0,22.5,0.1
Q04501,糕餅點心類,花生仁湯,106,79,2.8,4.8,13,1.6
Q04601,糕餅點心類,冷凍馬蹄條,193,52.8,4.2,1.9,40.1,4.4
Q04701,糕餅點心類,原味愛玉凍,2,99.3,0,0,0.4,0.3
Q04702,糕餅點心類,檸檬愛玉凍,52,86.5,0,0,13.1,0
Q04801,糕餅點心類,油炸脫水甘薯,521,3.6,2.3,30.1,61.2,25
Q04901,糕餅點心類,夾心餅乾(草莓),495,4,4.8,23.8,66.4,1.3
Q05001,糕餅點心類,沙其馬,483,8.6,5.6,24.8,60.2,1.6
Q05101,糕餅點心類,洋芋片,570,1.9,5.2,38.6,51.5,2.2
Q05201,糕餅點心類,蛋捲,541,3.4,6.8,32.5,56.3,1.1
Q05301,糕餅點心類,雪餅,483,1.4,5.8,19.4,72.3,1
Q05401,糕餅點心類,魚酥,580,1.7,8.3,40.8,46.1,0.1
Q05501,糕餅點心類,煎餅,440,2.9,6.3,11.7,78.3,4.1
Q05601,糕餅點心類,營養口糧,421,3.7,6.8,8.7,79.7,2.7
Q05701,糕餅點心類,蘇打餅乾(蔬菜),508,1.7,7.8,24.7,64.5,2.8
Q05801,糕餅點心類,蓮藕糖,392,1.4,0.2,0.4,97.8,0.2
Q05901,糕餅點心類,牛奶巧克力,546,1.6,9.4,33.3,53.2,0
Q05902,糕餅點心類,花生牛奶巧克力,484,5.2,13,23.1,57,1.6
Q05903,糕餅點心類,榛果牛奶巧克力,583,1.4,9,40,48,4.4
Q05904,糕餅點心類,糖衣牛奶巧克力,481,1.7,4.8,19.4,72.8,1
Q06001,糕餅點心類,白巧克力,563,1.1,8.6,35.9,52.6,0
Q06101,糕餅點心類,黑巧克力(85%),608,1.3,10.9,46.1,38.7,14.2
Q06201,糕餅點心類,白芝麻糖,517,1.3,8.4,26.2,62.9,4.5
Q06202,糕餅點心類,黑芝麻糖,513,1.1,8.5,26.7,60.7,9.8
Q06301,糕餅點心類,花生糖,544,1.7,17.9,32.5,46.1,3
Q06302,糕餅點心類,花生貢糖,495,3.5,13.5,23.9,57.4,3.6
Q06401,糕餅點心類,牛軋糖,459,6,9.7,18.9,63.6,3.3
Q06501,糕餅點心類,核棗糕,422,11.2,2.5,14.6,71.1,1.5
Q06601,糕餅點心類,水果軟糖,404,7.6,1.3,7.5,83.5,0
Q06602,糕餅點心類,水果QQ軟糖,340,14.5,6.8,0.1,78.4,0.1
Q06701,糕餅點心類,枇杷糖,391,1.5,0.2,0.1,98,0
Q06801,糕餅點心類,苦茶糖,393,0.9,0.1,0.2,98.5,0
Q06901,糕餅點心類,薑糖,357,12.7,0.3,2.5,84,1.1
Q07001,糕餅點心類,紅豆球,348,12.7,7.1,1,78.4,6.3
Q07101,糕餅點心類,綠豆球,343,13.9,6.2,1.1,77.9,6.5
Q07201,糕餅點心類,太妃糖,435,6.8,2.7,13.9,75.6,0
Q07202,糕餅點心類,牛奶軟糖,423,7.3,2.9,11.7,77.5,0
Q07203,糕餅點心類,巧克力牛奶軟糖,419,7.6,3.4,11.3,76.7,0
Q07301,糕餅點心類,乳酸球,471,7.3,3.8,21.6,66.1,11.6
Q07401,糕餅點心類,羊乳片,380,4.3,23.4,4.5,62.1,0
Q07501,糕餅點心類,巧克力夾心糖,400,2.6,0.7,2.8,93.7,0
Q07601,糕餅點心類,棉花糖,329,17.5,3.2,0.3,78.9,0
Q07701,糕餅點心類,維生素C口含錠(檸檬),396,0.7,0.2,0.6,98.3,0
Q07801,糕餅點心類,酵母菌咀嚼錠,388,4.1,23.6,5.6,61.4,9.5
Q07901,糕餅點心類,甘薯蜜餞,344,13,0.9,0.6,84.3,4.1
Q08001,糕餅點心類,芒果青,220,44.1,0.6,0.3,54.4,2.9
Q08101,糕餅點心類,芒果乾,365,7.6,0.6,0.4,90.6,3.4
Q08201,糕餅點心類,葡萄乾,335,14.5,3.2,0.9,79.3,5.9
Q08301,糕餅點心類,布丁粉,411,2.2,2.7,6,87.1,0
Q08401,糕餅點心類,冰淇淋粉(香草),427,3.1,15.9,11.7,65.3,0
Q08501,糕餅點心類,豆干丁(五香),381,21.7,35.4,18.1,19.6,2.8
Q08502,糕餅點心類,豆干片(沙茶),461,15.7,16.2,28.2,36.4,5.3
Q08601,糕餅點心類,起酥片,400,31.9,6.7,26.9,33.8,1.2
R00101,加工調理食品類,廣東粥,88,82.3,4.9,4.2,7.7,0.2
R00201,加工調理食品類,冷凍火腿炒飯,188,58.7,5,5.6,29.7,2
R00202,加工調理食品類,冷凍蝦仁炒飯,138,64.8,4.7,1.7,26.3,2.7
R00301,加工調理食品類,糯米飯糰,333,37,5.9,17.6,38.3,1.1
R00401,加工調理食品類,肉粽,233,51,8.2,8.8,30.7,0.6
R00501,加工調理食品類,冷凍筒仔米糕,211,53,6.5,5.8,33.6,0.7
R00601,加工調理食品類,筒仔米糕,244,48.3,6.6,8.6,35.5,1.1
R00701,加工調理食品類,炒板條,148,66.9,4.2,4.2,23.7,1.2
R00801,加工調理食品類,泡麵(牛肉口味),472,6.9,9.6,24.9,53.2,1.8
R00802,加工調理食品類,泡麵(鮮蝦口味),481,6.1,9.6,25.8,53.5,1.7
R00901,加工調理食品類,擔仔麵,123,76.3,4.4,6.5,11.9,2.5
R01001,加工調理食品類,冷凍叉燒包,262,38.7,8.8,4.3,47.5,1.3
R01101,加工調理食品類,冷凍水晶包,209,56.3,4.8,7.8,30.4,1.5
R01201,加工調理食品類,水晶餃,189,55.6,2.8,3.5,36.8,0.7
R01301,加工調理食品類,冷凍牛肉水餃,219,57,8.9,10.7,22.1,1.2
R01401,加工調理食品類,冷凍豬肉水餃,206,58,8.1,9.7,22.1,0.9
R01402,加工調理食品類,冷凍豬肉韭菜水餃,227,54.6,8.4,11.4,23.1,1.8
R01403,加工調理食品類,冷凍豬肉蟹黃水餃,222,55,7.8,9.8,26,1.4
R01501,加工調理食品類,冷凍香菇雞肉水餃,219,56.2,9.5,10.2,22.7,2.3
R01601,加工調理食品類,冷凍素食水餃,173,59.8,8.7,4,25.9,2.8
R01701,加工調理食品類,冷凍鮪魚水餃,195,60.5,9,8.5,20.8,1.3
R01801,加工調理食品類,冷凍豬肉熟水餃,247,52.5,7.2,12.8,26.2,2.1
R01901,加工調理食品類,冷凍素食熟水餃,208,53,7.2,5.5,32.8,2.3
R02001,加工調理食品類,冷凍酸菜焢肉包子,299,39.8,8.6,13.1,37.2,2.1
R02101,加工調理食品類,冷凍芋泥包,260,38.2,6.6,3.3,51.3,2.4
R02201,加工調理食品類,冷凍豆沙包,241,39.2,7.4,0.3,52.6,1.7
R02301,加工調理食品類,冷凍芝麻包,350,28.8,7.2,14,49.4,0.6
R02401,加工調理食品類,冷凍蓮蓉包,290,33.3,7.9,5.5,52.8,2.4
R02501,加工調理食品類,冷凍叉燒包子,277,39.9,7.1,8.4,43.6,2.3
R02502,加工調理食品類,冷凍牛肉包子,267,37.4,10.8,4.6,46.1,1.8
R02503,加工調理食品類,冷凍豬肉包子,270,44,7.6,10.3,37.2,1.5
R02504,加工調理食品類,冷凍豬肉湯包,252,57.8,10.1,18.2,12.4,3
R02601,加工調理食品類,小籠包,240,58,9.6,15.5,15.9,1.2
R02701,加工調理食品類,冷凍素菜包子,226,45.2,8.6,2.4,42.8,1.1
R02801,加工調理食品類,竹筍包,207,53.8,6.9,5.5,32.9,2.6
R02901,加工調理食品類,冷凍可樂餅(奶汁),114,73.1,3.6,2.3,19.8,1.1
R03001,加工調理食品類,豬血糕,193,51.2,8.6,0.9,37.8,0.9
R03002,加工調理食品類,鴨血糕,192,52.5,6.7,1.1,39.1,1.3
R03101,加工調理食品類,肉圓,135,67.3,3.1,1.5,27.4,0.3
R03201,加工調理食品類,清蒸蝦仁肉圓,151,70,4.6,7.4,16.7,1.3
R03301,加工調理食品類,冷凍披薩(黑胡椒火腿),208,54.3,9.3,6.8,27.7,2
R03401,加工調理食品類,油條,558,11,10.1,42.5,35,1.6
R03501,加工調理食品類,冷凍春捲,270,47.9,5.1,13.9,31.5,2.8
R03601,加工調理食品類,冷凍珍珠丸,220,56.8,9.5,10.8,21.7,1
R03701,加工調理食品類,韭菜盒子,211,59.7,7.5,11.3,20.3,1.4
R03801,加工調理食品類,甜酒釀,162,59.7,5,0.4,34.8,0.5
R03802,加工調理食品類,紫米酒釀,154,61.6,4.2,0.4,33.6,0.8
R03901,加工調理食品類,蚵仔煎,194,63.5,4.9,11,19.1,0.5
R04001,加工調理食品類,棺材板,262,54.8,7,17.5,19.7,1.5
R04101,加工調理食品類,冷凍芝麻湯圓,343,31.8,4.8,14.8,48.2,0.9
R04201,加工調理食品類,冷凍花生湯圓,342,31.8,5.2,14.6,48.1,0.6
R04301,加工調理食品類,冷凍豬肉湯圓,283,44.1,6.5,12.8,35.9,0.4
R04401,加工調理食品類,蛋餅皮,229,45.7,5.7,3.7,43.7,1.3
R04402,加工調理食品類,冷凍蔥油餅,246,37.5,9.1,1.1,50.5,1.3
R04501,加工調理食品類,燒餅,320,29.2,9.1,9.1,51.1,1.2
R04601,加工調理食品類,大餅包小餅(紅豆),373,26.2,8.3,16.5,48.5,0.6
R04701,加工調理食品類,水煎包,165,64,4.3,5.4,25.2,2
R04702,加工調理食品類,牛肉餡餅,223,55.5,9.6,10.2,23.5,1.2
R04703,加工調理食品類,豬肉餡餅,325,46.3,6.2,23.3,23.1,1.5
R04801,加工調理食品類,冷凍燒賣,187,63.6,9.9,9.7,15.3,2.2
R04901,加工調理食品類,冷凍冬菜蝦仁餛飩,180,58.9,9.1,4.3,26.5,2.3
R05001,加工調理食品類,冷凍豬肉餛飩,226,53.2,11.1,10.1,23,2.8
R05002,加工調理食品類,冷凍菜肉餛飩,244,58.7,9.1,18.3,11.3,4.2
R05101,加工調理食品類,溫州餛飩,141,72.5,6.5,7.4,12.4,0.6
R05201,加工調理食品類,豬肉鍋貼,229,53.7,7.8,9.8,27.7,1.5
R05301,加工調理食品類,冷凍白饅頭,277,32.7,7.4,2.4,57,2.3
R05401,加工調理食品類,白饅頭,247,38.8,8.1,1.2,51.3,1.1
R05501,加工調理食品類,芋頭饅頭,154,61.6,5.7,0.6,31.5,2.2
R05601,加工調理食品類,花捲,226,44.2,5.7,1.9,47,1.5
R05701,加工調理食品類,冷藏堅果饅頭,305,33.1,9.6,8.8,47.3,5.5
R05801,加工調理食品類,黑糖饅頭,233,41.8,6.8,0.9,50,2.5
R05901,加工調理食品類,冷凍銀絲卷(奶黃),281,32.9,8.9,3.3,54.5,2.2
R06001,加工調理食品類,花生麵筋罐頭,219,60,11,14.1,12.5,1.1
R06002,加工調理食品類,香菇麵筋罐頭,191,61.9,10.7,10,14.9,0.5
R06101,加工調理食品類,甘薯條,186,61.9,1.8,7.7,27.8,3.5
R06102,加工調理食品類,馬鈴薯條,152,67,2.2,4.8,25.2,3.5
R06201,加工調理食品類,韓式泡菜,35,89.7,2,0.4,5.8,2.8
R06301,加工調理食品類,花瓜罐頭,88,73.9,2.9,0.1,18.9,1
R06401,加工調理食品類,冷凍洋蔥圈,278,41.5,4,10.9,41.5,2.8
R06501,加工調理食品類,甘納豆,330,16.8,6.6,0.8,74.6,7.6
R06601,加工調理食品類,佃煮黑豆,270,38.7,10.5,6.2,43.5,7.1
R06701,加工調理食品類,豆干絲,169,65.8,18.3,8.6,4.8,2.5
R06702,加工調理食品類,五香豆干,191,61.3,19.3,9.7,7,2.2
R06703,加工調理食品類,小方豆干,160,67.3,17.4,8.6,3.5,3.3
R06704,加工調理食品類,黑豆干,196,64.7,19,12.5,2.1,7.8
R06801,加工調理食品類,豆腐皮,198,59.5,25.3,8.8,4.5,0.6
R06802,加工調理食品類,日式炸豆皮,385,42,19.2,32.4,4.9,2.3
R06901,加工調理食品類,豆豉,235,37.2,20.4,11.5,12.8,10.8
R07001,加工調理食品類,豆棗,419,15.8,11.7,19.6,49.7,0.8
R07101,加工調理食品類,百頁豆腐,214,66,13.4,17,2.4,0.5
R07102,加工調理食品類,傳統豆腐,88,81.2,8.5,3.4,6,0.6
R07103,加工調理食品類,凍豆腐,127,75,12.9,6.5,4.5,2.2
R07104,加工調理食品類,小三角油豆腐,138,75.6,12.7,9.1,1.5,0.7
R07105,加工調理食品類,嫩豆腐,51,89.8,4.9,2.6,2,0.8
R07106,加工調理食品類,雞蛋豆腐,79,84.6,6.9,4.5,2.7,0.4
R07201,加工調理食品類,麻油辣腐乳,95,71.1,9,3.5,7,0.7
R07301,加工調理食品類,油豆腐粉絲(阿給),145,70.1,6.9,6.2,15.7,1.6
R07401,加工調理食品類,冷凍素雞塊,205,57.3,14.2,8.1,19,1.2
R07501,加工調理食品類,叉燒肉,251,50.3,17.2,13.1,16.5,0
R07601,加工調理食品類,切片火腿(牛肉),121,68.9,15.9,2.2,9.4,0
R07602,加工調理食品類,切片火腿(豬肉),143,66,16.5,4.4,9.6,0
R07603,加工調理食品類,切片火腿(雞肉),142,66.2,15.3,4.1,11.2,0
R07701,加工調理食品類,"條狀火腿(牛肉,黑胡椒)",113,71.1,18.9,2.3,4.1,0
R07702,加工調理食品類,條狀火腿(豬肉),144,65.1,16.2,3.6,11.8,0
R07801,加工調理食品類,醬肘子,133,72.1,19,6.6,0,0
R07901,加工調理食品類,冷凍貢丸,236,61.6,16.6,19,0,0
R07902,加工調理食品類,冷凍雞肉丸,201,63.1,10.5,12.3,12.3,0
R08001,加工調理食品類,片狀肉乾(牛肉),328,17.9,30.3,4,43,0
R08002,加工調理食品類,"片狀肉乾(牛肉,辣味)",321,19.9,38,4.6,32.4,0
R08003,加工調理食品類,片狀肉乾(豬肉),326,19.5,30,4.7,41.3,0
R08101,加工調理食品類,條狀肉乾(豬肉),337,18.6,43.2,6.6,26.5,0
R08201,加工調理食品類,豬肉脯,438,16,33.4,25.1,20.3,0
R08202,加工調理食品類,豬肉酥,546,1.8,33,35.6,24.3,0
R08301,加工調理食品類,雞肉酥,448,0.7,26.7,14.6,53.2,4.5
R08401,加工調理食品類,肉羹,245,54.7,9.7,14.7,18.9,0.9
R08501,加工調理食品類,冷凍咕咾肉,183,64.3,6.4,9.5,18.3,1.5
R08601,加工調理食品類,牛肉香腸,296,48.5,20.7,20.4,7.8,0
R08701,加工調理食品類,香腸,347,41.1,17,25.3,13.3,0
R08702,加工調理食品類,香腸(蒜味),385,34.5,16.6,27.9,17.6,0
R08703,加工調理食品類,蒟蒻香腸(蒜味),287,42.8,19.4,14.9,19.3,0
R08704,加工調理食品類,小巧香腸,366,41.8,15.1,29.6,10.5,0
R08801,加工調理食品類,雞肉香腸(大),282,46.6,22.4,16.3,11.8,0
R08802,加工調理食品類,雞肉香腸(小),455,30.5,13.9,37.7,15.9,0
R08901,加工調理食品類,培根,362,49,13.5,34,1.1,0
R09001,加工調理食品類,牛肉漢堡肉,248,58.9,14.4,18.5,6.3,1.5
R09101,加工調理食品類,熱狗,266,56.4,13.3,20.2,8.2,0
R09102,加工調理食品類,德國香腸,273,55.9,15.9,21.4,4.6,1.4
R09201,加工調理食品類,豬腳凍,144,71.6,16.6,7.8,2,0
R09301,加工調理食品類,冷凍雞塊,228,57.1,15.3,13.2,12.3,0
R09401,加工調理食品類,臘肉(五花肉),524,25.1,18.4,49.8,1.7,0
R09402,加工調理食品類,臘肉(腿肉),406,31.9,26.7,33.5,0.1,0
R09501,加工調理食品類,冷凍干貝酥,145,61.2,8.3,0.2,27.7,1
R09601,加工調理食品類,天婦羅,174,59.6,12.4,4.6,21.1,0.2
R09701,加工調理食品類,冷凍花枝丸,165,65.5,12.7,7,13,1.9
R09801,加工調理食品類,冷凍花枝排,186,60,5.5,7.3,24.9,1.3
R09901,加工調理食品類,冷凍花枝塊,179,62.7,11.3,7.5,17,0.8
R10001,加工調理食品類,冷凍花枝漿,225,57,11.2,12.6,17.1,2
R10101,加工調理食品類,冷凍花枝羹,125,71.9,11.4,4.7,9.4,0
R10201,加工調理食品類,冷凍蚵捲,184,67,6.9,12,12.5,2.3
R10301,加工調理食品類,冷凍虱目魚丸,204,61.3,13.7,11.9,11,1.5
R10302,加工調理食品類,冷凍文蛤丸,209,56.6,16.2,9.2,15.8,0
R10303,加工調理食品類,冷凍旗魚丸,159,65.4,12.8,6.7,12,0.8
R10304,加工調理食品類,冷凍鱈魚丸,86,77.1,8.5,0,13.1,0
R10401,加工調理食品類,冷凍魚捲,126,67,13.8,0.3,17.1,0.7
R10501,加工調理食品類,冷凍鮪排,143,63.2,13.4,0.9,20.4,0
R10601,加工調理食品類,魚肉脯,104,69.6,21.9,1.7,0.2,0
R10602,加工調理食品類,鯖魚肉脯,680,1.3,33.8,60.4,1.5,0
R10603,加工調理食品類,魚肉鬆,467,2.6,28.2,20.2,43.8,0
R10604,加工調理食品類,旗魚鬆,473,2.3,31.3,21.9,38.4,0
R10605,加工調理食品類,鮭魚鬆,451,8.6,29,22,34.9,0
R10701,加工調理食品類,冷凍旗魚塊,177,62,15.3,6.5,14.7,0
R10801,加工調理食品類,冷凍蝦丸,122,69.3,10.8,2.3,14.7,0
R10901,加工調理食品類,冷凍蝦捲,155,65.3,10.3,5.7,16,1.4
R11001,加工調理食品類,冷凍蝦餅,126,69.6,9.6,2.1,17.3,1.6
R11101,加工調理食品類,冷凍魷魚圈,143,63,15.7,0.4,19.2,0
R11201,加工調理食品類,香筍鮪魚罐頭,259,63.1,10,24.1,0.9,1.4
R11301,加工調理食品類,茄汁鯖魚罐頭,116,73.5,17.6,3.8,2.8,0.7
R11401,加工調理食品類,冷凍魚卵卷,114,69,12.9,0.1,15.7,0
R11402,加工調理食品類,冷凍蟹味棒,115,69.2,9.3,0.3,19,0
R11501,加工調理食品類,冷凍小香腸,247,57.5,14.8,17.8,7.4,0.4
R11601,加工調理食品類,冷凍花枝餃,167,60.6,12.4,3.9,21,0
R11602,加工調理食品類,冷凍香菇餃,231,59.7,12.3,15.3,11.5,1.1
R11603,加工調理食品類,冷凍蛋餃,182,70,12.1,14.1,2,0.5
R11604,加工調理食品類,冷凍雪螺餃,202,59.1,11.6,10,16.7,1.1
R11605,加工調理食品類,冷凍魚餃,275,52.2,12.5,19.5,12.9,0
R11606,加工調理食品類,冷凍蝦餃,271,53.1,11.4,19.3,13.5,0
R11607,加工調理食品類,冷凍燕餃,313,47,12.8,22.3,15.7,0
R11701,加工調理食品類,沖泡濃湯(海鮮),341,3.4,11.2,4.5,64.4,4.7
R11702,加工調理食品類,玉米濃湯調理包,367,3.4,4.4,5.9,74.7,2.8
